sale_date,product_id,product_name,category,cost_price,unit_price,unit,day_of_week,is_weekend,month,day_of_month,year,festival,is_festival,days_to_next_festival
2025-11-11,191,,Rice,72.0,78.0,kg,1,0,11,11,2025,none,0,-1
2025-11-12,191,,Rice,72.0,78.0,kg,2,0,11,12,2025,none,0,-1
2025-11-13,191,,Rice,72.0,78.0,kg,3,0,11,13,2025,none,0,-1
2025-11-14,191,,Rice,72.0,78.0,kg,4,1,11,14,2025,none,0,-1
2025-11-15,191,,Rice,72.0,78.0,kg,5,1,11,15,2025,none,0,-1
2025-11-16,191,,Rice,72.0,78.0,kg,6,0,11,16,2025,none,0,-1
2025-11-17,191,,Rice,72.0,78.0,kg,0,0,11,17,2025,none,0,-1
2025-11-11,192,,Rice,83.0,92.0,kg,1,0,11,11,2025,none,0,-1
2025-11-12,192,,Rice,83.0,92.0,kg,2,0,11,12,2025,none,0,-1
2025-11-13,192,,Rice,83.0,92.0,kg,3,0,11,13,2025,none,0,-1
2025-11-14,192,,Rice,83.0,92.0,kg,4,1,11,14,2025,none,0,-1
2025-11-15,192,,Rice,83.0,92.0,kg,5,1,11,15,2025,none,0,-1
2025-11-16,192,,Rice,83.0,92.0,kg,6,0,11,16,2025,none,0,-1
2025-11-17,192,,Rice,83.0,92.0,kg,0,0,11,17,2025,none,0,-1
2025-11-11,193,,Rice,60.0,65.0,kg,1,0,11,11,2025,none,0,-1
2025-11-12,193,,Rice,60.0,65.0,kg,2,0,11,12,2025,none,0,-1
2025-11-13,193,,Rice,60.0,65.0,kg,3,0,11,13,2025,none,0,-1
2025-11-14,193,,Rice,60.0,65.0,kg,4,1,11,14,2025,none,0,-1
2025-11-15,193,,Rice,60.0,65.0,kg,5,1,11,15,2025,none,0,-1
2025-11-16,193,,Rice,60.0,65.0,kg,6,0,11,16,2025,none,0,-1
2025-11-17,193,,Rice,60.0,65.0,kg,0,0,11,17,2025,none,0,-1
2025-11-11,194,,Rice,58.0,63.0,kg,1,0,11,11,2025,none,0,-1
2025-11-12,194,,Rice,58.0,63.0,kg,2,0,11,12,2025,none,0,-1
2025-11-13,194,,Rice,58.0,63.0,kg,3,0,11,13,2025,none,0,-1
2025-11-14,194,,Rice,58.0,63.0,kg,4,1,11,14,2025,none,0,-1
2025-11-15,194,,Rice,58.0,63.0,kg,5,1,11,15,2025,none,0,-1
2025-11-16,194,,Rice,58.0,63.0,kg,6,0,11,16,2025,none,0,-1
2025-11-17,194,,Rice,58.0,63.0,kg,0,0,11,17,2025,none,0,-1
2025-11-11,195,,Rice,148.0,165.0,kg,1,0,11,11,2025,none,0,-1
2025-11-12,195,,Rice,148.0,165.0,kg,2,0,11,12,2025,none,0,-1
2025-11-13,195,,Rice,148.0,165.0,kg,3,0,11,13,2025,none,0,-1
2025-11-14,195,,Rice,148.0,165.0,kg,4,1,11,14,2025,none,0,-1
2025-11-15,195,,Rice,148.0,165.0,kg,5,1,11,15,2025,none,0,-1
2025-11-16,195,,Rice,148.0,165.0,kg,6,0,11,16,2025,none,0,-1
2025-11-17,195,,Rice,148.0,165.0,kg,0,0,11,17,2025,none,0,-1
2025-11-11,196,,Rice,180.0,195.0,kg,1,0,11,11,2025,none,0,-1
2025-11-12,196,,Rice,180.0,195.0,kg,2,0,11,12,2025,none,0,-1
2025-11-13,196,,Rice,180.0,195.0,kg,3,0,11,13,2025,none,0,-1
2025-11-14,196,,Rice,180.0,195.0,kg,4,1,11,14,2025,none,0,-1
2025-11-15,196,,Rice,180.0,195.0,kg,5,1,11,15,2025,none,0,-1
2025-11-16,196,,Rice,180.0,195.0,kg,6,0,11,16,2025,none,0,-1
2025-11-17,196,,Rice,180.0,195.0,kg,0,0,11,17,2025,none,0,-1
2025-11-11,197,,Rice,80.0,88.0,kg,1,0,11,11,2025,none,0,-1
2025-11-12,197,,Rice,80.0,88.0,kg,2,0,11,12,2025,none,0,-1
2025-11-13,197,,Rice,80.0,88.0,kg,3,0,11,13,2025,none,0,-1
2025-11-14,197,,Rice,80.0,88.0,kg,4,1,11,14,2025,none,0,-1
2025-11-15,197,,Rice,80.0,88.0,kg,5,1,11,15,2025,none,0,-1
2025-11-16,197,,Rice,80.0,88.0,kg,6,0,11,16,2025,none,0,-1
2025-11-17,197,,Rice,80.0,88.0,kg,0,0,11,17,2025,none,0,-1
2025-11-11,198,,Rice,155.0,170.0,kg,1,0,11,11,2025,none,0,-1
2025-11-12,198,,Rice,155.0,170.0,kg,2,0,11,12,2025,none,0,-1
2025-11-13,198,,Rice,155.0,170.0,kg,3,0,11,13,2025,none,0,-1
2025-11-14,198,,Rice,155.0,170.0,kg,4,1,11,14,2025,none,0,-1
2025-11-15,198,,Rice,155.0,170.0,kg,5,1,11,15,2025,none,0,-1
2025-11-16,198,,Rice,155.0,170.0,kg,6,0,11,16,2025,none,0,-1
2025-11-17,198,,Rice,155.0,170.0,kg,0,0,11,17,2025,none,0,-1
2025-11-11,199,,Rice,375.0,390.0,pcs,1,0,11,11,2025,none,0,-1
2025-11-12,199,,Rice,375.0,390.0,pcs,2,0,11,12,2025,none,0,-1
2025-11-13,199,,Rice,375.0,390.0,pcs,3,0,11,13,2025,none,0,-1
2025-11-14,199,,Rice,375.0,390.0,pcs,4,1,11,14,2025,none,0,-1
2025-11-15,199,,Rice,375.0,390.0,pcs,5,1,11,15,2025,none,0,-1
2025-11-16,199,,Rice,375.0,390.0,pcs,6,0,11,16,2025,none,0,-1
2025-11-17,199,,Rice,375.0,390.0,pcs,0,0,11,17,2025,none,0,-1
2025-11-11,200,,Rice,445.0,460.0,pcs,1,0,11,11,2025,none,0,-1
2025-11-12,200,,Rice,445.0,460.0,pcs,2,0,11,12,2025,none,0,-1
2025-11-13,200,,Rice,445.0,460.0,pcs,3,0,11,13,2025,none,0,-1
2025-11-14,200,,Rice,445.0,460.0,pcs,4,1,11,14,2025,none,0,-1
2025-11-15,200,,Rice,445.0,460.0,pcs,5,1,11,15,2025,none,0,-1
2025-11-16,200,,Rice,445.0,460.0,pcs,6,0,11,16,2025,none,0,-1
2025-11-17,200,,Rice,445.0,460.0,pcs,0,0,11,17,2025,none,0,-1
2025-11-11,201,,Rice,152.0,165.0,pcs,1,0,11,11,2025,none,0,-1
2025-11-12,201,,Rice,152.0,165.0,pcs,2,0,11,12,2025,none,0,-1
2025-11-13,201,,Rice,152.0,165.0,pcs,3,0,11,13,2025,none,0,-1
2025-11-14,201,,Rice,152.0,165.0,pcs,4,1,11,14,2025,none,0,-1
2025-11-15,201,,Rice,152.0,165.0,pcs,5,1,11,15,2025,none,0,-1
2025-11-16,201,,Rice,152.0,165.0,pcs,6,0,11,16,2025,none,0,-1
2025-11-17,201,,Rice,152.0,165.0,pcs,0,0,11,17,2025,none,0,-1
2025-11-11,202,,Rice,375.0,395.0,pcs,1,0,11,11,2025,none,0,-1
2025-11-12,202,,Rice,375.0,395.0,pcs,2,0,11,12,2025,none,0,-1
2025-11-13,202,,Rice,375.0,395.0,pcs,3,0,11,13,2025,none,0,-1
2025-11-14,202,,Rice,375.0,395.0,pcs,4,1,11,14,2025,none,0,-1
2025-11-15,202,,Rice,375.0,395.0,pcs,5,1,11,15,2025,none,0,-1
2025-11-16,202,,Rice,375.0,395.0,pcs,6,0,11,16,2025,none,0,-1
2025-11-17,202,,Rice,375.0,395.0,pcs,0,0,11,17,2025,none,0,-1
2025-11-11,203,,Flour,128.0,140.0,pcs,1,0,11,11,2025,none,0,-1
2025-11-12,203,,Flour,128.0,140.0,pcs,2,0,11,12,2025,none,0,-1
2025-11-13,203,,Flour,128.0,140.0,pcs,3,0,11,13,2025,none,0,-1
2025-11-14,203,,Flour,128.0,140.0,pcs,4,1,11,14,2025,none,0,-1
2025-11-15,203,,Flour,128.0,140.0,pcs,5,1,11,15,2025,none,0,-1
2025-11-16,203,,Flour,128.0,140.0,pcs,6,0,11,16,2025,none,0,-1
2025-11-17,203,,Flour,128.0,140.0,pcs,0,0,11,17,2025,none,0,-1
2025-11-11,204,,Flour,318.0,350.0,pcs,1,0,11,11,2025,none,0,-1
2025-11-12,204,,Flour,318.0,350.0,pcs,2,0,11,12,2025,none,0,-1
2025-11-13,204,,Flour,318.0,350.0,pcs,3,0,11,13,2025,none,0,-1
2025-11-14,204,,Flour,318.0,350.0,pcs,4,1,11,14,2025,none,0,-1
2025-11-15,204,,Flour,318.0,350.0,pcs,5,1,11,15,2025,none,0,-1
2025-11-16,204,,Flour,318.0,350.0,pcs,6,0,11,16,2025,none,0,-1
2025-11-17,204,,Flour,318.0,350.0,pcs,0,0,11,17,2025,none,0,-1
2025-11-11,205,,Flour,65.0,72.0,pcs,1,0,11,11,2025,none,0,-1
2025-11-12,205,,Flour,65.0,72.0,pcs,2,0,11,12,2025,none,0,-1
2025-11-13,205,,Flour,65.0,72.0,pcs,3,0,11,13,2025,none,0,-1
2025-11-14,205,,Flour,65.0,72.0,pcs,4,1,11,14,2025,none,0,-1
2025-11-15,205,,Flour,65.0,72.0,pcs,5,1,11,15,2025,none,0,-1
2025-11-16,205,,Flour,65.0,72.0,pcs,6,0,11,16,2025,none,0,-1
2025-11-17,205,,Flour,65.0,72.0,pcs,0,0,11,17,2025,none,0,-1
2025-11-11,206,,Flour,130.0,144.0,pcs,1,0,11,11,2025,none,0,-1
2025-11-12,206,,Flour,130.0,144.0,pcs,2,0,11,12,2025,none,0,-1
2025-11-13,206,,Flour,130.0,144.0,pcs,3,0,11,13,2025,none,0,-1
2025-11-14,206,,Flour,130.0,144.0,pcs,4,1,11,14,2025,none,0,-1
2025-11-15,206,,Flour,130.0,144.0,pcs,5,1,11,15,2025,none,0,-1
2025-11-16,206,,Flour,130.0,144.0,pcs,6,0,11,16,2025,none,0,-1
2025-11-17,206,,Flour,130.0,144.0,pcs,0,0,11,17,2025,none,0,-1
2025-11-11,207,,Flour,63.0,70.0,pcs,1,0,11,11,2025,none,0,-1
2025-11-12,207,,Flour,63.0,70.0,pcs,2,0,11,12,2025,none,0,-1
2025-11-13,207,,Flour,63.0,70.0,pcs,3,0,11,13,2025,none,0,-1
2025-11-14,207,,Flour,63.0,70.0,pcs,4,1,11,14,2025,none,0,-1
2025-11-15,207,,Flour,63.0,70.0,pcs,5,1,11,15,2025,none,0,-1
2025-11-16,207,,Flour,63.0,70.0,pcs,6,0,11,16,2025,none,0,-1
2025-11-17,207,,Flour,63.0,70.0,pcs,0,0,11,17,2025,none,0,-1
2025-11-11,208,,Flour,308.0,340.0,pcs,1,0,11,11,2025,none,0,-1
2025-11-12,208,,Flour,308.0,340.0,pcs,2,0,11,12,2025,none,0,-1
2025-11-13,208,,Flour,308.0,340.0,pcs,3,0,11,13,2025,none,0,-1
2025-11-14,208,,Flour,308.0,340.0,pcs,4,1,11,14,2025,none,0,-1
2025-11-15,208,,Flour,308.0,340.0,pcs,5,1,11,15,2025,none,0,-1
2025-11-16,208,,Flour,308.0,340.0,pcs,6,0,11,16,2025,none,0,-1
2025-11-17,208,,Flour,308.0,340.0,pcs,0,0,11,17,2025,none,0,-1
2025-11-11,209,,Flour,60.0,68.0,kg,1,0,11,11,2025,none,0,-1
2025-11-12,209,,Flour,60.0,68.0,kg,2,0,11,12,2025,none,0,-1
2025-11-13,209,,Flour,60.0,68.0,kg,3,0,11,13,2025,none,0,-1
2025-11-14,209,,Flour,60.0,68.0,kg,4,1,11,14,2025,none,0,-1
2025-11-15,209,,Flour,60.0,68.0,kg,5,1,11,15,2025,none,0,-1
2025-11-16,209,,Flour,60.0,68.0,kg,6,0,11,16,2025,none,0,-1
2025-11-17,209,,Flour,60.0,68.0,kg,0,0,11,17,2025,none,0,-1
2025-11-11,210,,Flour,82.0,90.0,kg,1,0,11,11,2025,none,0,-1
2025-11-12,210,,Flour,82.0,90.0,kg,2,0,11,12,2025,none,0,-1
2025-11-13,210,,Flour,82.0,90.0,kg,3,0,11,13,2025,none,0,-1
2025-11-14,210,,Flour,82.0,90.0,kg,4,1,11,14,2025,none,0,-1
2025-11-15,210,,Flour,82.0,90.0,kg,5,1,11,15,2025,none,0,-1
2025-11-16,210,,Flour,82.0,90.0,kg,6,0,11,16,2025,none,0,-1
2025-11-17,210,,Flour,82.0,90.0,kg,0,0,11,17,2025,none,0,-1
2025-11-11,211,,Flour,48.0,55.0,pcs,1,0,11,11,2025,none,0,-1
2025-11-12,211,,Flour,48.0,55.0,pcs,2,0,11,12,2025,none,0,-1
2025-11-13,211,,Flour,48.0,55.0,pcs,3,0,11,13,2025,none,0,-1
2025-11-14,211,,Flour,48.0,55.0,pcs,4,1,11,14,2025,none,0,-1
2025-11-15,211,,Flour,48.0,55.0,pcs,5,1,11,15,2025,none,0,-1
2025-11-16,211,,Flour,48.0,55.0,pcs,6,0,11,16,2025,none,0,-1
2025-11-17,211,,Flour,48.0,55.0,pcs,0,0,11,17,2025,none,0,-1
2025-11-11,212,,Flour,92.0,105.0,kg,1,0,11,11,2025,none,0,-1
2025-11-12,212,,Flour,92.0,105.0,kg,2,0,11,12,2025,none,0,-1
2025-11-13,212,,Flour,92.0,105.0,kg,3,0,11,13,2025,none,0,-1
2025-11-14,212,,Flour,92.0,105.0,kg,4,1,11,14,2025,none,0,-1
2025-11-15,212,,Flour,92.0,105.0,kg,5,1,11,15,2025,none,0,-1
2025-11-16,212,,Flour,92.0,105.0,kg,6,0,11,16,2025,none,0,-1
2025-11-17,212,,Flour,92.0,105.0,kg,0,0,11,17,2025,none,0,-1
2025-11-11,213,,Flour,108.0,120.0,kg,1,0,11,11,2025,none,0,-1
2025-11-12,213,,Flour,108.0,120.0,kg,2,0,11,12,2025,none,0,-1
2025-11-13,213,,Flour,108.0,120.0,kg,3,0,11,13,2025,none,0,-1
2025-11-14,213,,Flour,108.0,120.0,kg,4,1,11,14,2025,none,0,-1
2025-11-15,213,,Flour,108.0,120.0,kg,5,1,11,15,2025,none,0,-1
2025-11-16,213,,Flour,108.0,120.0,kg,6,0,11,16,2025,none,0,-1
2025-11-17,213,,Flour,108.0,120.0,kg,0,0,11,17,2025,none,0,-1
2025-11-11,214,,Flour,42.0,48.0,pcs,1,0,11,11,2025,none,0,-1
2025-11-12,214,,Flour,42.0,48.0,pcs,2,0,11,12,2025,none,0,-1
2025-11-13,214,,Flour,42.0,48.0,pcs,3,0,11,13,2025,none,0,-1
2025-11-14,214,,Flour,42.0,48.0,pcs,4,1,11,14,2025,none,0,-1
2025-11-15,214,,Flour,42.0,48.0,pcs,5,1,11,15,2025,none,0,-1
2025-11-16,214,,Flour,42.0,48.0,pcs,6,0,11,16,2025,none,0,-1
2025-11-17,214,,Flour,42.0,48.0,pcs,0,0,11,17,2025,none,0,-1
2025-11-11,215,,Flour,68.0,75.0,pcs,1,0,11,11,2025,none,0,-1
2025-11-12,215,,Flour,68.0,75.0,pcs,2,0,11,12,2025,none,0,-1
2025-11-13,215,,Flour,68.0,75.0,pcs,3,0,11,13,2025,none,0,-1
2025-11-14,215,,Flour,68.0,75.0,pcs,4,1,11,14,2025,none,0,-1
2025-11-15,215,,Flour,68.0,75.0,pcs,5,1,11,15,2025,none,0,-1
2025-11-16,215,,Flour,68.0,75.0,pcs,6,0,11,16,2025,none,0,-1
2025-11-17,215,,Flour,68.0,75.0,pcs,0,0,11,17,2025,none,0,-1
2025-11-11,216,,Oil,175.0,189.0,pcs,1,0,11,11,2025,none,0,-1
2025-11-12,216,,Oil,175.0,189.0,pcs,2,0,11,12,2025,none,0,-1
2025-11-13,216,,Oil,175.0,189.0,pcs,3,0,11,13,2025,none,0,-1
2025-11-14,216,,Oil,175.0,189.0,pcs,4,1,11,14,2025,none,0,-1
2025-11-15,216,,Oil,175.0,189.0,pcs,5,1,11,15,2025,none,0,-1
2025-11-16,216,,Oil,175.0,189.0,pcs,6,0,11,16,2025,none,0,-1
2025-11-17,216,,Oil,175.0,189.0,pcs,0,0,11,17,2025,none,0,-1
2025-11-11,217,,Oil,350.0,378.0,pcs,1,0,11,11,2025,none,0,-1
2025-11-12,217,,Oil,350.0,378.0,pcs,2,0,11,12,2025,none,0,-1
2025-11-13,217,,Oil,350.0,378.0,pcs,3,0,11,13,2025,none,0,-1
2025-11-14,217,,Oil,350.0,378.0,pcs,4,1,11,14,2025,none,0,-1
2025-11-15,217,,Oil,350.0,378.0,pcs,5,1,11,15,2025,none,0,-1
2025-11-16,217,,Oil,350.0,378.0,pcs,6,0,11,16,2025,none,0,-1
2025-11-17,217,,Oil,350.0,378.0,pcs,0,0,11,17,2025,none,0,-1
2025-11-11,218,,Oil,875.0,945.0,pcs,1,0,11,11,2025,none,0,-1
2025-11-12,218,,Oil,875.0,945.0,pcs,2,0,11,12,2025,none,0,-1
2025-11-13,218,,Oil,875.0,945.0,pcs,3,0,11,13,2025,none,0,-1
2025-11-14,218,,Oil,875.0,945.0,pcs,4,1,11,14,2025,none,0,-1
2025-11-15,218,,Oil,875.0,945.0,pcs,5,1,11,15,2025,none,0,-1
2025-11-16,218,,Oil,875.0,945.0,pcs,6,0,11,16,2025,none,0,-1
2025-11-17,218,,Oil,875.0,945.0,pcs,0,0,11,17,2025,none,0,-1
2025-11-11,219,,Oil,175.0,189.0,pcs,1,0,11,11,2025,none,0,-1
2025-11-12,219,,Oil,175.0,189.0,pcs,2,0,11,12,2025,none,0,-1
2025-11-13,219,,Oil,175.0,189.0,pcs,3,0,11,13,2025,none,0,-1
2025-11-14,219,,Oil,175.0,189.0,pcs,4,1,11,14,2025,none,0,-1
2025-11-15,219,,Oil,175.0,189.0,pcs,5,1,11,15,2025,none,0,-1
2025-11-16,219,,Oil,175.0,189.0,pcs,6,0,11,16,2025,none,0,-1
2025-11-17,219,,Oil,175.0,189.0,pcs,0,0,11,17,2025,none,0,-1
2025-11-11,220,,Oil,350.0,378.0,pcs,1,0,11,11,2025,none,0,-1
2025-11-12,220,,Oil,350.0,378.0,pcs,2,0,11,12,2025,none,0,-1
2025-11-13,220,,Oil,350.0,378.0,pcs,3,0,11,13,2025,none,0,-1
2025-11-14,220,,Oil,350.0,378.0,pcs,4,1,11,14,2025,none,0,-1
2025-11-15,220,,Oil,350.0,378.0,pcs,5,1,11,15,2025,none,0,-1
2025-11-16,220,,Oil,350.0,378.0,pcs,6,0,11,16,2025,none,0,-1
2025-11-17,220,,Oil,350.0,378.0,pcs,0,0,11,17,2025,none,0,-1
2025-11-11,221,,Oil,875.0,945.0,pcs,1,0,11,11,2025,none,0,-1
2025-11-12,221,,Oil,875.0,945.0,pcs,2,0,11,12,2025,none,0,-1
2025-11-13,221,,Oil,875.0,945.0,pcs,3,0,11,13,2025,none,0,-1
2025-11-14,221,,Oil,875.0,945.0,pcs,4,1,11,14,2025,none,0,-1
2025-11-15,221,,Oil,875.0,945.0,pcs,5,1,11,15,2025,none,0,-1
2025-11-16,221,,Oil,875.0,945.0,pcs,6,0,11,16,2025,none,0,-1
2025-11-17,221,,Oil,875.0,945.0,pcs,0,0,11,17,2025,none,0,-1
2025-11-11,222,,Oil,172.0,185.0,pcs,1,0,11,11,2025,none,0,-1
2025-11-12,222,,Oil,172.0,185.0,pcs,2,0,11,12,2025,none,0,-1
2025-11-13,222,,Oil,172.0,185.0,pcs,3,0,11,13,2025,none,0,-1
2025-11-14,222,,Oil,172.0,185.0,pcs,4,1,11,14,2025,none,0,-1
2025-11-15,222,,Oil,172.0,185.0,pcs,5,1,11,15,2025,none,0,-1
2025-11-16,222,,Oil,172.0,185.0,pcs,6,0,11,16,2025,none,0,-1
2025-11-17,222,,Oil,172.0,185.0,pcs,0,0,11,17,2025,none,0,-1
2025-11-11,223,,Oil,862.0,925.0,pcs,1,0,11,11,2025,none,0,-1
2025-11-12,223,,Oil,862.0,925.0,pcs,2,0,11,12,2025,none,0,-1
2025-11-13,223,,Oil,862.0,925.0,pcs,3,0,11,13,2025,none,0,-1
2025-11-14,223,,Oil,862.0,925.0,pcs,4,1,11,14,2025,none,0,-1
2025-11-15,223,,Oil,862.0,925.0,pcs,5,1,11,15,2025,none,0,-1
2025-11-16,223,,Oil,862.0,925.0,pcs,6,0,11,16,2025,none,0,-1
2025-11-17,223,,Oil,862.0,925.0,pcs,0,0,11,17,2025,none,0,-1
2025-11-11,224,,Oil,182.0,195.0,pcs,1,0,11,11,2025,none,0,-1
2025-11-12,224,,Oil,182.0,195.0,pcs,2,0,11,12,2025,none,0,-1
2025-11-13,224,,Oil,182.0,195.0,pcs,3,0,11,13,2025,none,0,-1
2025-11-14,224,,Oil,182.0,195.0,pcs,4,1,11,14,2025,none,0,-1
2025-11-15,224,,Oil,182.0,195.0,pcs,5,1,11,15,2025,none,0,-1
2025-11-16,224,,Oil,182.0,195.0,pcs,6,0,11,16,2025,none,0,-1
2025-11-17,224,,Oil,182.0,195.0,pcs,0,0,11,17,2025,none,0,-1
2025-11-11,225,,Oil,91.0,98.0,pcs,1,0,11,11,2025,none,0,-1
2025-11-12,225,,Oil,91.0,98.0,pcs,2,0,11,12,2025,none,0,-1
2025-11-13,225,,Oil,91.0,98.0,pcs,3,0,11,13,2025,none,0,-1
2025-11-14,225,,Oil,91.0,98.0,pcs,4,1,11,14,2025,none,0,-1
2025-11-15,225,,Oil,91.0,98.0,pcs,5,1,11,15,2025,none,0,-1
2025-11-16,225,,Oil,91.0,98.0,pcs,6,0,11,16,2025,none,0,-1
2025-11-17,225,,Oil,91.0,98.0,pcs,0,0,11,17,2025,none,0,-1
2025-11-11,226,,Oil,905.0,975.0,pcs,1,0,11,11,2025,none,0,-1
2025-11-12,226,,Oil,905.0,975.0,pcs,2,0,11,12,2025,none,0,-1
2025-11-13,226,,Oil,905.0,975.0,pcs,3,0,11,13,2025,none,0,-1
2025-11-14,226,,Oil,905.0,975.0,pcs,4,1,11,14,2025,none,0,-1
2025-11-15,226,,Oil,905.0,975.0,pcs,5,1,11,15,2025,none,0,-1
2025-11-16,226,,Oil,905.0,975.0,pcs,6,0,11,16,2025,none,0,-1
2025-11-17,226,,Oil,905.0,975.0,pcs,0,0,11,17,2025,none,0,-1
2025-11-11,227,,Oil,173.0,188.0,pcs,1,0,11,11,2025,none,0,-1
2025-11-12,227,,Oil,173.0,188.0,pcs,2,0,11,12,2025,none,0,-1
2025-11-13,227,,Oil,173.0,188.0,pcs,3,0,11,13,2025,none,0,-1
2025-11-14,227,,Oil,173.0,188.0,pcs,4,1,11,14,2025,none,0,-1
2025-11-15,227,,Oil,173.0,188.0,pcs,5,1,11,15,2025,none,0,-1
2025-11-16,227,,Oil,173.0,188.0,pcs,6,0,11,16,2025,none,0,-1
2025-11-17,227,,Oil,173.0,188.0,pcs,0,0,11,17,2025,none,0,-1
2025-11-11,228,,Oil,172.0,187.0,pcs,1,0,11,11,2025,none,0,-1
2025-11-12,228,,Oil,172.0,187.0,pcs,2,0,11,12,2025,none,0,-1
2025-11-13,228,,Oil,172.0,187.0,pcs,3,0,11,13,2025,none,0,-1
2025-11-14,228,,Oil,172.0,187.0,pcs,4,1,11,14,2025,none,0,-1
2025-11-15,228,,Oil,172.0,187.0,pcs,5,1,11,15,2025,none,0,-1
2025-11-16,228,,Oil,172.0,187.0,pcs,6,0,11,16,2025,none,0,-1
2025-11-17,228,,Oil,172.0,187.0,pcs,0,0,11,17,2025,none,0,-1
2025-11-11,229,,Oil,188.0,200.0,liter,1,0,11,11,2025,none,0,-1
2025-11-12,229,,Oil,188.0,200.0,liter,2,0,11,12,2025,none,0,-1
2025-11-13,229,,Oil,188.0,200.0,liter,3,0,11,13,2025,none,0,-1
2025-11-14,229,,Oil,188.0,200.0,liter,4,1,11,14,2025,none,0,-1
2025-11-15,229,,Oil,188.0,200.0,liter,5,1,11,15,2025,none,0,-1
2025-11-16,229,,Oil,188.0,200.0,liter,6,0,11,16,2025,none,0,-1
2025-11-17,229,,Oil,188.0,200.0,liter,0,0,11,17,2025,none,0,-1
2025-11-11,230,,Oil,178.0,190.0,liter,1,0,11,11,2025,none,0,-1
2025-11-12,230,,Oil,178.0,190.0,liter,2,0,11,12,2025,none,0,-1
2025-11-13,230,,Oil,178.0,190.0,liter,3,0,11,13,2025,none,0,-1
2025-11-14,230,,Oil,178.0,190.0,liter,4,1,11,14,2025,none,0,-1
2025-11-15,230,,Oil,178.0,190.0,liter,5,1,11,15,2025,none,0,-1
2025-11-16,230,,Oil,178.0,190.0,liter,6,0,11,16,2025,none,0,-1
2025-11-17,230,,Oil,178.0,190.0,liter,0,0,11,17,2025,none,0,-1
2025-11-11,231,,Sugar,82.0,88.0,pcs,1,0,11,11,2025,none,0,-1
2025-11-12,231,,Sugar,82.0,88.0,pcs,2,0,11,12,2025,none,0,-1
2025-11-13,231,,Sugar,82.0,88.0,pcs,3,0,11,13,2025,none,0,-1
2025-11-14,231,,Sugar,82.0,88.0,pcs,4,1,11,14,2025,none,0,-1
2025-11-15,231,,Sugar,82.0,88.0,pcs,5,1,11,15,2025,none,0,-1
2025-11-16,231,,Sugar,82.0,88.0,pcs,6,0,11,16,2025,none,0,-1
2025-11-17,231,,Sugar,82.0,88.0,pcs,0,0,11,17,2025,none,0,-1
2025-11-11,232,,Sugar,81.0,87.0,pcs,1,0,11,11,2025,none,0,-1
2025-11-12,232,,Sugar,81.0,87.0,pcs,2,0,11,12,2025,none,0,-1
2025-11-13,232,,Sugar,81.0,87.0,pcs,3,0,11,13,2025,none,0,-1
2025-11-14,232,,Sugar,81.0,87.0,pcs,4,1,11,14,2025,none,0,-1
2025-11-15,232,,Sugar,81.0,87.0,pcs,5,1,11,15,2025,none,0,-1
2025-11-16,232,,Sugar,81.0,87.0,pcs,6,0,11,16,2025,none,0,-1
2025-11-17,232,,Sugar,81.0,87.0,pcs,0,0,11,17,2025,none,0,-1
2025-11-11,233,,Sugar,83.0,89.0,pcs,1,0,11,11,2025,none,0,-1
2025-11-12,233,,Sugar,83.0,89.0,pcs,2,0,11,12,2025,none,0,-1
2025-11-13,233,,Sugar,83.0,89.0,pcs,3,0,11,13,2025,none,0,-1
2025-11-14,233,,Sugar,83.0,89.0,pcs,4,1,11,14,2025,none,0,-1
2025-11-15,233,,Sugar,83.0,89.0,pcs,5,1,11,15,2025,none,0,-1
2025-11-16,233,,Sugar,83.0,89.0,pcs,6,0,11,16,2025,none,0,-1
2025-11-17,233,,Sugar,83.0,89.0,pcs,0,0,11,17,2025,none,0,-1
2025-11-11,234,,Sugar,82.0,88.0,pcs,1,0,11,11,2025,none,0,-1
2025-11-12,234,,Sugar,82.0,88.0,pcs,2,0,11,12,2025,none,0,-1
2025-11-13,234,,Sugar,82.0,88.0,pcs,3,0,11,13,2025,none,0,-1
2025-11-14,234,,Sugar,82.0,88.0,pcs,4,1,11,14,2025,none,0,-1
2025-11-15,234,,Sugar,82.0,88.0,pcs,5,1,11,15,2025,none,0,-1
2025-11-16,234,,Sugar,82.0,88.0,pcs,6,0,11,16,2025,none,0,-1
2025-11-17,234,,Sugar,82.0,88.0,pcs,0,0,11,17,2025,none,0,-1
2025-11-11,235,,Sugar,68.0,75.0,pcs,1,0,11,11,2025,none,0,-1
2025-11-12,235,,Sugar,68.0,75.0,pcs,2,0,11,12,2025,none,0,-1
2025-11-13,235,,Sugar,68.0,75.0,pcs,3,0,11,13,2025,none,0,-1
2025-11-14,235,,Sugar,68.0,75.0,pcs,4,1,11,14,2025,none,0,-1
2025-11-15,235,,Sugar,68.0,75.0,pcs,5,1,11,15,2025,none,0,-1
2025-11-16,235,,Sugar,68.0,75.0,pcs,6,0,11,16,2025,none,0,-1
2025-11-17,235,,Sugar,68.0,75.0,pcs,0,0,11,17,2025,none,0,-1
2025-11-11,236,,Sugar,80.0,86.0,kg,1,0,11,11,2025,none,0,-1
2025-11-12,236,,Sugar,80.0,86.0,kg,2,0,11,12,2025,none,0,-1
2025-11-13,236,,Sugar,80.0,86.0,kg,3,0,11,13,2025,none,0,-1
2025-11-14,236,,Sugar,80.0,86.0,kg,4,1,11,14,2025,none,0,-1
2025-11-15,236,,Sugar,80.0,86.0,kg,5,1,11,15,2025,none,0,-1
2025-11-16,236,,Sugar,80.0,86.0,kg,6,0,11,16,2025,none,0,-1
2025-11-17,236,,Sugar,80.0,86.0,kg,0,0,11,17,2025,none,0,-1
2025-11-11,237,,Sugar,52.0,58.0,pcs,1,0,11,11,2025,none,0,-1
2025-11-12,237,,Sugar,52.0,58.0,pcs,2,0,11,12,2025,none,0,-1
2025-11-13,237,,Sugar,52.0,58.0,pcs,3,0,11,13,2025,none,0,-1
2025-11-14,237,,Sugar,52.0,58.0,pcs,4,1,11,14,2025,none,0,-1
2025-11-15,237,,Sugar,52.0,58.0,pcs,5,1,11,15,2025,none,0,-1
2025-11-16,237,,Sugar,52.0,58.0,pcs,6,0,11,16,2025,none,0,-1
2025-11-17,237,,Sugar,52.0,58.0,pcs,0,0,11,17,2025,none,0,-1
2025-11-11,238,,Sugar,48.0,55.0,pcs,1,0,11,11,2025,none,0,-1
2025-11-12,238,,Sugar,48.0,55.0,pcs,2,0,11,12,2025,none,0,-1
2025-11-13,238,,Sugar,48.0,55.0,pcs,3,0,11,13,2025,none,0,-1
2025-11-14,238,,Sugar,48.0,55.0,pcs,4,1,11,14,2025,none,0,-1
2025-11-15,238,,Sugar,48.0,55.0,pcs,5,1,11,15,2025,none,0,-1
2025-11-16,238,,Sugar,48.0,55.0,pcs,6,0,11,16,2025,none,0,-1
2025-11-17,238,,Sugar,48.0,55.0,pcs,0,0,11,17,2025,none,0,-1
2025-11-11,239,,Sugar,125.0,138.0,pcs,1,0,11,11,2025,none,0,-1
2025-11-12,239,,Sugar,125.0,138.0,pcs,2,0,11,12,2025,none,0,-1
2025-11-13,239,,Sugar,125.0,138.0,pcs,3,0,11,13,2025,none,0,-1
2025-11-14,239,,Sugar,125.0,138.0,pcs,4,1,11,14,2025,none,0,-1
2025-11-15,239,,Sugar,125.0,138.0,pcs,5,1,11,15,2025,none,0,-1
2025-11-16,239,,Sugar,125.0,138.0,pcs,6,0,11,16,2025,none,0,-1
2025-11-17,239,,Sugar,125.0,138.0,pcs,0,0,11,17,2025,none,0,-1
2025-11-11,240,,Eggs,132.0,141.0,dozen,1,0,11,11,2025,none,0,-1
2025-11-12,240,,Eggs,132.0,141.0,dozen,2,0,11,12,2025,none,0,-1
2025-11-13,240,,Eggs,132.0,141.0,dozen,3,0,11,13,2025,none,0,-1
2025-11-14,240,,Eggs,132.0,141.0,dozen,4,1,11,14,2025,none,0,-1
2025-11-15,240,,Eggs,132.0,141.0,dozen,5,1,11,15,2025,none,0,-1
2025-11-16,240,,Eggs,132.0,141.0,dozen,6,0,11,16,2025,none,0,-1
2025-11-17,240,,Eggs,132.0,141.0,dozen,0,0,11,17,2025,none,0,-1
2025-11-11,241,,Eggs,145.0,155.0,dozen,1,0,11,11,2025,none,0,-1
2025-11-12,241,,Eggs,145.0,155.0,dozen,2,0,11,12,2025,none,0,-1
2025-11-13,241,,Eggs,145.0,155.0,dozen,3,0,11,13,2025,none,0,-1
2025-11-14,241,,Eggs,145.0,155.0,dozen,4,1,11,14,2025,none,0,-1
2025-11-15,241,,Eggs,145.0,155.0,dozen,5,1,11,15,2025,none,0,-1
2025-11-16,241,,Eggs,145.0,155.0,dozen,6,0,11,16,2025,none,0,-1
2025-11-17,241,,Eggs,145.0,155.0,dozen,0,0,11,17,2025,none,0,-1
2025-11-11,242,,Eggs,138.0,148.0,dozen,1,0,11,11,2025,none,0,-1
2025-11-12,242,,Eggs,138.0,148.0,dozen,2,0,11,12,2025,none,0,-1
2025-11-13,242,,Eggs,138.0,148.0,dozen,3,0,11,13,2025,none,0,-1
2025-11-14,242,,Eggs,138.0,148.0,dozen,4,1,11,14,2025,none,0,-1
2025-11-15,242,,Eggs,138.0,148.0,dozen,5,1,11,15,2025,none,0,-1
2025-11-16,242,,Eggs,138.0,148.0,dozen,6,0,11,16,2025,none,0,-1
2025-11-17,242,,Eggs,138.0,148.0,dozen,0,0,11,17,2025,none,0,-1
2025-11-11,243,,Eggs,135.0,145.0,dozen,1,0,11,11,2025,none,0,-1
2025-11-12,243,,Eggs,135.0,145.0,dozen,2,0,11,12,2025,none,0,-1
2025-11-13,243,,Eggs,135.0,145.0,dozen,3,0,11,13,2025,none,0,-1
2025-11-14,243,,Eggs,135.0,145.0,dozen,4,1,11,14,2025,none,0,-1
2025-11-15,243,,Eggs,135.0,145.0,dozen,5,1,11,15,2025,none,0,-1
2025-11-16,243,,Eggs,135.0,145.0,dozen,6,0,11,16,2025,none,0,-1
2025-11-17,243,,Eggs,135.0,145.0,dozen,0,0,11,17,2025,none,0,-1
2025-11-11,244,,Eggs,158.0,170.0,dozen,1,0,11,11,2025,none,0,-1
2025-11-12,244,,Eggs,158.0,170.0,dozen,2,0,11,12,2025,none,0,-1
2025-11-13,244,,Eggs,158.0,170.0,dozen,3,0,11,13,2025,none,0,-1
2025-11-14,244,,Eggs,158.0,170.0,dozen,4,1,11,14,2025,none,0,-1
2025-11-15,244,,Eggs,158.0,170.0,dozen,5,1,11,15,2025,none,0,-1
2025-11-16,244,,Eggs,158.0,170.0,dozen,6,0,11,16,2025,none,0,-1
2025-11-17,244,,Eggs,158.0,170.0,dozen,0,0,11,17,2025,none,0,-1
2025-11-11,245,,Eggs,165.0,180.0,dozen,1,0,11,11,2025,none,0,-1
2025-11-12,245,,Eggs,165.0,180.0,dozen,2,0,11,12,2025,none,0,-1
2025-11-13,245,,Eggs,165.0,180.0,dozen,3,0,11,13,2025,none,0,-1
2025-11-14,245,,Eggs,165.0,180.0,dozen,4,1,11,14,2025,none,0,-1
2025-11-15,245,,Eggs,165.0,180.0,dozen,5,1,11,15,2025,none,0,-1
2025-11-16,245,,Eggs,165.0,180.0,dozen,6,0,11,16,2025,none,0,-1
2025-11-17,245,,Eggs,165.0,180.0,dozen,0,0,11,17,2025,none,0,-1
2025-11-11,246,,Meat,295.0,310.0,kg,1,0,11,11,2025,none,0,-1
2025-11-12,246,,Meat,295.0,310.0,kg,2,0,11,12,2025,none,0,-1
2025-11-13,246,,Meat,295.0,310.0,kg,3,0,11,13,2025,none,0,-1
2025-11-14,246,,Meat,295.0,310.0,kg,4,1,11,14,2025,none,0,-1
2025-11-15,246,,Meat,295.0,310.0,kg,5,1,11,15,2025,none,0,-1
2025-11-16,246,,Meat,295.0,310.0,kg,6,0,11,16,2025,none,0,-1
2025-11-17,246,,Meat,295.0,310.0,kg,0,0,11,17,2025,none,0,-1
2025-11-11,247,,Meat,485.0,520.0,kg,1,0,11,11,2025,none,0,-1
2025-11-12,247,,Meat,485.0,520.0,kg,2,0,11,12,2025,none,0,-1
2025-11-13,247,,Meat,485.0,520.0,kg,3,0,11,13,2025,none,0,-1
2025-11-14,247,,Meat,485.0,520.0,kg,4,1,11,14,2025,none,0,-1
2025-11-15,247,,Meat,485.0,520.0,kg,5,1,11,15,2025,none,0,-1
2025-11-16,247,,Meat,485.0,520.0,kg,6,0,11,16,2025,none,0,-1
2025-11-17,247,,Meat,485.0,520.0,kg,0,0,11,17,2025,none,0,-1
2025-11-11,248,,Meat,720.0,750.0,kg,1,0,11,11,2025,none,0,-1
2025-11-12,248,,Meat,720.0,750.0,kg,2,0,11,12,2025,none,0,-1
2025-11-13,248,,Meat,720.0,750.0,kg,3,0,11,13,2025,none,0,-1
2025-11-14,248,,Meat,720.0,750.0,kg,4,1,11,14,2025,none,0,-1
2025-11-15,248,,Meat,720.0,750.0,kg,5,1,11,15,2025,none,0,-1
2025-11-16,248,,Meat,720.0,750.0,kg,6,0,11,16,2025,none,0,-1
2025-11-17,248,,Meat,720.0,750.0,kg,0,0,11,17,2025,none,0,-1
2025-11-11,249,,Meat,1050.0,1100.0,kg,1,0,11,11,2025,none,0,-1
2025-11-12,249,,Meat,1050.0,1100.0,kg,2,0,11,12,2025,none,0,-1
2025-11-13,249,,Meat,1050.0,1100.0,kg,3,0,11,13,2025,none,0,-1
2025-11-14,249,,Meat,1050.0,1100.0,kg,4,1,11,14,2025,none,0,-1
2025-11-15,249,,Meat,1050.0,1100.0,kg,5,1,11,15,2025,none,0,-1
2025-11-16,249,,Meat,1050.0,1100.0,kg,6,0,11,16,2025,none,0,-1
2025-11-17,249,,Meat,1050.0,1100.0,kg,0,0,11,17,2025,none,0,-1
2025-11-11,250,,Fish,1200.0,1250.0,kg,1,0,11,11,2025,none,0,-1
2025-11-12,250,,Fish,1200.0,1250.0,kg,2,0,11,12,2025,none,0,-1
2025-11-13,250,,Fish,1200.0,1250.0,kg,3,0,11,13,2025,none,0,-1
2025-11-14,250,,Fish,1200.0,1250.0,kg,4,1,11,14,2025,none,0,-1
2025-11-15,250,,Fish,1200.0,1250.0,kg,5,1,11,15,2025,none,0,-1
2025-11-16,250,,Fish,1200.0,1250.0,kg,6,0,11,16,2025,none,0,-1
2025-11-17,250,,Fish,1200.0,1250.0,kg,0,0,11,17,2025,none,0,-1
2025-11-11,251,,Fish,370.0,385.0,kg,1,0,11,11,2025,none,0,-1
2025-11-12,251,,Fish,370.0,385.0,kg,2,0,11,12,2025,none,0,-1
2025-11-13,251,,Fish,370.0,385.0,kg,3,0,11,13,2025,none,0,-1
2025-11-14,251,,Fish,370.0,385.0,kg,4,1,11,14,2025,none,0,-1
2025-11-15,251,,Fish,370.0,385.0,kg,5,1,11,15,2025,none,0,-1
2025-11-16,251,,Fish,370.0,385.0,kg,6,0,11,16,2025,none,0,-1
2025-11-17,251,,Fish,370.0,385.0,kg,0,0,11,17,2025,none,0,-1
2025-11-11,252,,Fish,345.0,360.0,kg,1,0,11,11,2025,none,0,-1
2025-11-12,252,,Fish,345.0,360.0,kg,2,0,11,12,2025,none,0,-1
2025-11-13,252,,Fish,345.0,360.0,kg,3,0,11,13,2025,none,0,-1
2025-11-14,252,,Fish,345.0,360.0,kg,4,1,11,14,2025,none,0,-1
2025-11-15,252,,Fish,345.0,360.0,kg,5,1,11,15,2025,none,0,-1
2025-11-16,252,,Fish,345.0,360.0,kg,6,0,11,16,2025,none,0,-1
2025-11-17,252,,Fish,345.0,360.0,kg,0,0,11,17,2025,none,0,-1
2025-11-11,253,,Fish,225.0,240.0,kg,1,0,11,11,2025,none,0,-1
2025-11-12,253,,Fish,225.0,240.0,kg,2,0,11,12,2025,none,0,-1
2025-11-13,253,,Fish,225.0,240.0,kg,3,0,11,13,2025,none,0,-1
2025-11-14,253,,Fish,225.0,240.0,kg,4,1,11,14,2025,none,0,-1
2025-11-15,253,,Fish,225.0,240.0,kg,5,1,11,15,2025,none,0,-1
2025-11-16,253,,Fish,225.0,240.0,kg,6,0,11,16,2025,none,0,-1
2025-11-17,253,,Fish,225.0,240.0,kg,0,0,11,17,2025,none,0,-1
2025-11-11,254,,Fish,625.0,660.0,kg,1,0,11,11,2025,none,0,-1
2025-11-12,254,,Fish,625.0,660.0,kg,2,0,11,12,2025,none,0,-1
2025-11-13,254,,Fish,625.0,660.0,kg,3,0,11,13,2025,none,0,-1
2025-11-14,254,,Fish,625.0,660.0,kg,4,1,11,14,2025,none,0,-1
2025-11-15,254,,Fish,625.0,660.0,kg,5,1,11,15,2025,none,0,-1
2025-11-16,254,,Fish,625.0,660.0,kg,6,0,11,16,2025,none,0,-1
2025-11-17,254,,Fish,625.0,660.0,kg,0,0,11,17,2025,none,0,-1
2025-11-11,255,,Fish,1850.0,1950.0,kg,1,0,11,11,2025,none,0,-1
2025-11-12,255,,Fish,1850.0,1950.0,kg,2,0,11,12,2025,none,0,-1
2025-11-13,255,,Fish,1850.0,1950.0,kg,3,0,11,13,2025,none,0,-1
2025-11-14,255,,Fish,1850.0,1950.0,kg,4,1,11,14,2025,none,0,-1
2025-11-15,255,,Fish,1850.0,1950.0,kg,5,1,11,15,2025,none,0,-1
2025-11-16,255,,Fish,1850.0,1950.0,kg,6,0,11,16,2025,none,0,-1
2025-11-17,255,,Fish,1850.0,1950.0,kg,0,0,11,17,2025,none,0,-1
2025-11-11,256,,Fish,285.0,310.0,kg,1,0,11,11,2025,none,0,-1
2025-11-12,256,,Fish,285.0,310.0,kg,2,0,11,12,2025,none,0,-1
2025-11-13,256,,Fish,285.0,310.0,kg,3,0,11,13,2025,none,0,-1
2025-11-14,256,,Fish,285.0,310.0,kg,4,1,11,14,2025,none,0,-1
2025-11-15,256,,Fish,285.0,310.0,kg,5,1,11,15,2025,none,0,-1
2025-11-16,256,,Fish,285.0,310.0,kg,6,0,11,16,2025,none,0,-1
2025-11-17,256,,Fish,285.0,310.0,kg,0,0,11,17,2025,none,0,-1
2025-11-11,257,,Vegetables,38.0,41.0,kg,1,0,11,11,2025,none,0,-1
2025-11-12,257,,Vegetables,38.0,41.0,kg,2,0,11,12,2025,none,0,-1
2025-11-13,257,,Vegetables,38.0,41.0,kg,3,0,11,13,2025,none,0,-1
2025-11-14,257,,Vegetables,38.0,41.0,kg,4,1,11,14,2025,none,0,-1
2025-11-15,257,,Vegetables,38.0,41.0,kg,5,1,11,15,2025,none,0,-1
2025-11-16,257,,Vegetables,38.0,41.0,kg,6,0,11,16,2025,none,0,-1
2025-11-17,257,,Vegetables,38.0,41.0,kg,0,0,11,17,2025,none,0,-1
2025-11-11,258,,Vegetables,62.0,66.0,kg,1,0,11,11,2025,none,0,-1
2025-11-12,258,,Vegetables,62.0,66.0,kg,2,0,11,12,2025,none,0,-1
2025-11-13,258,,Vegetables,62.0,66.0,kg,3,0,11,13,2025,none,0,-1
2025-11-14,258,,Vegetables,62.0,66.0,kg,4,1,11,14,2025,none,0,-1
2025-11-15,258,,Vegetables,62.0,66.0,kg,5,1,11,15,2025,none,0,-1
2025-11-16,258,,Vegetables,62.0,66.0,kg,6,0,11,16,2025,none,0,-1
2025-11-17,258,,Vegetables,62.0,66.0,kg,0,0,11,17,2025,none,0,-1
2025-11-11,259,,Vegetables,172.0,180.0,kg,1,0,11,11,2025,none,0,-1
2025-11-12,259,,Vegetables,172.0,180.0,kg,2,0,11,12,2025,none,0,-1
2025-11-13,259,,Vegetables,172.0,180.0,kg,3,0,11,13,2025,none,0,-1
2025-11-14,259,,Vegetables,172.0,180.0,kg,4,1,11,14,2025,none,0,-1
2025-11-15,259,,Vegetables,172.0,180.0,kg,5,1,11,15,2025,none,0,-1
2025-11-16,259,,Vegetables,172.0,180.0,kg,6,0,11,16,2025,none,0,-1
2025-11-17,259,,Vegetables,172.0,180.0,kg,0,0,11,17,2025,none,0,-1
2025-11-11,260,,Vegetables,210.0,220.0,kg,1,0,11,11,2025,none,0,-1
2025-11-12,260,,Vegetables,210.0,220.0,kg,2,0,11,12,2025,none,0,-1
2025-11-13,260,,Vegetables,210.0,220.0,kg,3,0,11,13,2025,none,0,-1
2025-11-14,260,,Vegetables,210.0,220.0,kg,4,1,11,14,2025,none,0,-1
2025-11-15,260,,Vegetables,210.0,220.0,kg,5,1,11,15,2025,none,0,-1
2025-11-16,260,,Vegetables,210.0,220.0,kg,6,0,11,16,2025,none,0,-1
2025-11-17,260,,Vegetables,210.0,220.0,kg,0,0,11,17,2025,none,0,-1
2025-11-11,261,,Vegetables,115.0,120.0,kg,1,0,11,11,2025,none,0,-1
2025-11-12,261,,Vegetables,115.0,120.0,kg,2,0,11,12,2025,none,0,-1
2025-11-13,261,,Vegetables,115.0,120.0,kg,3,0,11,13,2025,none,0,-1
2025-11-14,261,,Vegetables,115.0,120.0,kg,4,1,11,14,2025,none,0,-1
2025-11-15,261,,Vegetables,115.0,120.0,kg,5,1,11,15,2025,none,0,-1
2025-11-16,261,,Vegetables,115.0,120.0,kg,6,0,11,16,2025,none,0,-1
2025-11-17,261,,Vegetables,115.0,120.0,kg,0,0,11,17,2025,none,0,-1
2025-11-11,262,,Vegetables,80.0,85.0,kg,1,0,11,11,2025,none,0,-1
2025-11-12,262,,Vegetables,80.0,85.0,kg,2,0,11,12,2025,none,0,-1
2025-11-13,262,,Vegetables,80.0,85.0,kg,3,0,11,13,2025,none,0,-1
2025-11-14,262,,Vegetables,80.0,85.0,kg,4,1,11,14,2025,none,0,-1
2025-11-15,262,,Vegetables,80.0,85.0,kg,5,1,11,15,2025,none,0,-1
2025-11-16,262,,Vegetables,80.0,85.0,kg,6,0,11,16,2025,none,0,-1
2025-11-17,262,,Vegetables,80.0,85.0,kg,0,0,11,17,2025,none,0,-1
2025-11-11,263,,Vegetables,52.0,55.0,kg,1,0,11,11,2025,none,0,-1
2025-11-12,263,,Vegetables,52.0,55.0,kg,2,0,11,12,2025,none,0,-1
2025-11-13,263,,Vegetables,52.0,55.0,kg,3,0,11,13,2025,none,0,-1
2025-11-14,263,,Vegetables,52.0,55.0,kg,4,1,11,14,2025,none,0,-1
2025-11-15,263,,Vegetables,52.0,55.0,kg,5,1,11,15,2025,none,0,-1
2025-11-16,263,,Vegetables,52.0,55.0,kg,6,0,11,16,2025,none,0,-1
2025-11-17,263,,Vegetables,52.0,55.0,kg,0,0,11,17,2025,none,0,-1
2025-11-11,264,,Vegetables,64.0,68.0,kg,1,0,11,11,2025,none,0,-1
2025-11-12,264,,Vegetables,64.0,68.0,kg,2,0,11,12,2025,none,0,-1
2025-11-13,264,,Vegetables,64.0,68.0,kg,3,0,11,13,2025,none,0,-1
2025-11-14,264,,Vegetables,64.0,68.0,kg,4,1,11,14,2025,none,0,-1
2025-11-15,264,,Vegetables,64.0,68.0,kg,5,1,11,15,2025,none,0,-1
2025-11-16,264,,Vegetables,64.0,68.0,kg,6,0,11,16,2025,none,0,-1
2025-11-17,264,,Vegetables,64.0,68.0,kg,0,0,11,17,2025,none,0,-1
2025-11-11,265,,Vegetables,44.0,48.0,kg,1,0,11,11,2025,none,0,-1
2025-11-12,265,,Vegetables,44.0,48.0,kg,2,0,11,12,2025,none,0,-1
2025-11-13,265,,Vegetables,44.0,48.0,kg,3,0,11,13,2025,none,0,-1
2025-11-14,265,,Vegetables,44.0,48.0,kg,4,1,11,14,2025,none,0,-1
2025-11-15,265,,Vegetables,44.0,48.0,kg,5,1,11,15,2025,none,0,-1
2025-11-16,265,,Vegetables,44.0,48.0,kg,6,0,11,16,2025,none,0,-1
2025-11-17,265,,Vegetables,44.0,48.0,kg,0,0,11,17,2025,none,0,-1
2025-11-11,266,,Vegetables,36.0,40.0,kg,1,0,11,11,2025,none,0,-1
2025-11-12,266,,Vegetables,36.0,40.0,kg,2,0,11,12,2025,none,0,-1
2025-11-13,266,,Vegetables,36.0,40.0,kg,3,0,11,13,2025,none,0,-1
2025-11-14,266,,Vegetables,36.0,40.0,kg,4,1,11,14,2025,none,0,-1
2025-11-15,266,,Vegetables,36.0,40.0,kg,5,1,11,15,2025,none,0,-1
2025-11-16,266,,Vegetables,36.0,40.0,kg,6,0,11,16,2025,none,0,-1
2025-11-17,266,,Vegetables,36.0,40.0,kg,0,0,11,17,2025,none,0,-1
2025-11-11,267,,Vegetables,48.0,52.0,kg,1,0,11,11,2025,none,0,-1
2025-11-12,267,,Vegetables,48.0,52.0,kg,2,0,11,12,2025,none,0,-1
2025-11-13,267,,Vegetables,48.0,52.0,kg,3,0,11,13,2025,none,0,-1
2025-11-14,267,,Vegetables,48.0,52.0,kg,4,1,11,14,2025,none,0,-1
2025-11-15,267,,Vegetables,48.0,52.0,kg,5,1,11,15,2025,none,0,-1
2025-11-16,267,,Vegetables,48.0,52.0,kg,6,0,11,16,2025,none,0,-1
2025-11-17,267,,Vegetables,48.0,52.0,kg,0,0,11,17,2025,none,0,-1
2025-11-11,268,,Vegetables,58.0,62.0,kg,1,0,11,11,2025,none,0,-1
2025-11-12,268,,Vegetables,58.0,62.0,kg,2,0,11,12,2025,none,0,-1
2025-11-13,268,,Vegetables,58.0,62.0,kg,3,0,11,13,2025,none,0,-1
2025-11-14,268,,Vegetables,58.0,62.0,kg,4,1,11,14,2025,none,0,-1
2025-11-15,268,,Vegetables,58.0,62.0,kg,5,1,11,15,2025,none,0,-1
2025-11-16,268,,Vegetables,58.0,62.0,kg,6,0,11,16,2025,none,0,-1
2025-11-17,268,,Vegetables,58.0,62.0,kg,0,0,11,17,2025,none,0,-1
2025-11-11,269,,Vegetables,32.0,35.0,kg,1,0,11,11,2025,none,0,-1
2025-11-12,269,,Vegetables,32.0,35.0,kg,2,0,11,12,2025,none,0,-1
2025-11-13,269,,Vegetables,32.0,35.0,kg,3,0,11,13,2025,none,0,-1
2025-11-14,269,,Vegetables,32.0,35.0,kg,4,1,11,14,2025,none,0,-1
2025-11-15,269,,Vegetables,32.0,35.0,kg,5,1,11,15,2025,none,0,-1
2025-11-16,269,,Vegetables,32.0,35.0,kg,6,0,11,16,2025,none,0,-1
2025-11-17,269,,Vegetables,32.0,35.0,kg,0,0,11,17,2025,none,0,-1
2025-11-11,270,,Vegetables,38.0,42.0,kg,1,0,11,11,2025,none,0,-1
2025-11-12,270,,Vegetables,38.0,42.0,kg,2,0,11,12,2025,none,0,-1
2025-11-13,270,,Vegetables,38.0,42.0,kg,3,0,11,13,2025,none,0,-1
2025-11-14,270,,Vegetables,38.0,42.0,kg,4,1,11,14,2025,none,0,-1
2025-11-15,270,,Vegetables,38.0,42.0,kg,5,1,11,15,2025,none,0,-1
2025-11-16,270,,Vegetables,38.0,42.0,kg,6,0,11,16,2025,none,0,-1
2025-11-17,270,,Vegetables,38.0,42.0,kg,0,0,11,17,2025,none,0,-1
2025-11-11,271,,Vegetables,68.0,72.0,kg,1,0,11,11,2025,none,0,-1
2025-11-12,271,,Vegetables,68.0,72.0,kg,2,0,11,12,2025,none,0,-1
2025-11-13,271,,Vegetables,68.0,72.0,kg,3,0,11,13,2025,none,0,-1
2025-11-14,271,,Vegetables,68.0,72.0,kg,4,1,11,14,2025,none,0,-1
2025-11-15,271,,Vegetables,68.0,72.0,kg,5,1,11,15,2025,none,0,-1
2025-11-16,271,,Vegetables,68.0,72.0,kg,6,0,11,16,2025,none,0,-1
2025-11-17,271,,Vegetables,68.0,72.0,kg,0,0,11,17,2025,none,0,-1
2025-11-11,272,,Vegetables,35.0,38.0,kg,1,0,11,11,2025,none,0,-1
2025-11-12,272,,Vegetables,35.0,38.0,kg,2,0,11,12,2025,none,0,-1
2025-11-13,272,,Vegetables,35.0,38.0,kg,3,0,11,13,2025,none,0,-1
2025-11-14,272,,Vegetables,35.0,38.0,kg,4,1,11,14,2025,none,0,-1
2025-11-15,272,,Vegetables,35.0,38.0,kg,5,1,11,15,2025,none,0,-1
2025-11-16,272,,Vegetables,35.0,38.0,kg,6,0,11,16,2025,none,0,-1
2025-11-17,272,,Vegetables,35.0,38.0,kg,0,0,11,17,2025,none,0,-1
2025-11-11,273,,Vegetables,42.0,45.0,kg,1,0,11,11,2025,none,0,-1
2025-11-12,273,,Vegetables,42.0,45.0,kg,2,0,11,12,2025,none,0,-1
2025-11-13,273,,Vegetables,42.0,45.0,kg,3,0,11,13,2025,none,0,-1
2025-11-14,273,,Vegetables,42.0,45.0,kg,4,1,11,14,2025,none,0,-1
2025-11-15,273,,Vegetables,42.0,45.0,kg,5,1,11,15,2025,none,0,-1
2025-11-16,273,,Vegetables,42.0,45.0,kg,6,0,11,16,2025,none,0,-1
2025-11-17,273,,Vegetables,42.0,45.0,kg,0,0,11,17,2025,none,0,-1
2025-11-11,274,,Vegetables,45.0,48.0,kg,1,0,11,11,2025,none,0,-1
2025-11-12,274,,Vegetables,45.0,48.0,kg,2,0,11,12,2025,none,0,-1
2025-11-13,274,,Vegetables,45.0,48.0,kg,3,0,11,13,2025,none,0,-1
2025-11-14,274,,Vegetables,45.0,48.0,kg,4,1,11,14,2025,none,0,-1
2025-11-15,274,,Vegetables,45.0,48.0,kg,5,1,11,15,2025,none,0,-1
2025-11-16,274,,Vegetables,45.0,48.0,kg,6,0,11,16,2025,none,0,-1
2025-11-17,274,,Vegetables,45.0,48.0,kg,0,0,11,17,2025,none,0,-1
2025-11-11,275,,Vegetables,72.0,78.0,kg,1,0,11,11,2025,none,0,-1
2025-11-12,275,,Vegetables,72.0,78.0,kg,2,0,11,12,2025,none,0,-1
2025-11-13,275,,Vegetables,72.0,78.0,kg,3,0,11,13,2025,none,0,-1
2025-11-14,275,,Vegetables,72.0,78.0,kg,4,1,11,14,2025,none,0,-1
2025-11-15,275,,Vegetables,72.0,78.0,kg,5,1,11,15,2025,none,0,-1
2025-11-16,275,,Vegetables,72.0,78.0,kg,6,0,11,16,2025,none,0,-1
2025-11-17,275,,Vegetables,72.0,78.0,kg,0,0,11,17,2025,none,0,-1
2025-11-11,276,,Spices,78.0,85.0,pcs,1,0,11,11,2025,none,0,-1
2025-11-12,276,,Spices,78.0,85.0,pcs,2,0,11,12,2025,none,0,-1
2025-11-13,276,,Spices,78.0,85.0,pcs,3,0,11,13,2025,none,0,-1
2025-11-14,276,,Spices,78.0,85.0,pcs,4,1,11,14,2025,none,0,-1
2025-11-15,276,,Spices,78.0,85.0,pcs,5,1,11,15,2025,none,0,-1
2025-11-16,276,,Spices,78.0,85.0,pcs,6,0,11,16,2025,none,0,-1
2025-11-17,276,,Spices,78.0,85.0,pcs,0,0,11,17,2025,none,0,-1
2025-11-11,277,,Spices,155.0,168.0,pcs,1,0,11,11,2025,none,0,-1
2025-11-12,277,,Spices,155.0,168.0,pcs,2,0,11,12,2025,none,0,-1
2025-11-13,277,,Spices,155.0,168.0,pcs,3,0,11,13,2025,none,0,-1
2025-11-14,277,,Spices,155.0,168.0,pcs,4,1,11,14,2025,none,0,-1
2025-11-15,277,,Spices,155.0,168.0,pcs,5,1,11,15,2025,none,0,-1
2025-11-16,277,,Spices,155.0,168.0,pcs,6,0,11,16,2025,none,0,-1
2025-11-17,277,,Spices,155.0,168.0,pcs,0,0,11,17,2025,none,0,-1
2025-11-11,278,,Spices,68.0,75.0,pcs,1,0,11,11,2025,none,0,-1
2025-11-12,278,,Spices,68.0,75.0,pcs,2,0,11,12,2025,none,0,-1
2025-11-13,278,,Spices,68.0,75.0,pcs,3,0,11,13,2025,none,0,-1
2025-11-14,278,,Spices,68.0,75.0,pcs,4,1,11,14,2025,none,0,-1
2025-11-15,278,,Spices,68.0,75.0,pcs,5,1,11,15,2025,none,0,-1
2025-11-16,278,,Spices,68.0,75.0,pcs,6,0,11,16,2025,none,0,-1
2025-11-17,278,,Spices,68.0,75.0,pcs,0,0,11,17,2025,none,0,-1
2025-11-11,279,,Spices,135.0,148.0,pcs,1,0,11,11,2025,none,0,-1
2025-11-12,279,,Spices,135.0,148.0,pcs,2,0,11,12,2025,none,0,-1
2025-11-13,279,,Spices,135.0,148.0,pcs,3,0,11,13,2025,none,0,-1
2025-11-14,279,,Spices,135.0,148.0,pcs,4,1,11,14,2025,none,0,-1
2025-11-15,279,,Spices,135.0,148.0,pcs,5,1,11,15,2025,none,0,-1
2025-11-16,279,,Spices,135.0,148.0,pcs,6,0,11,16,2025,none,0,-1
2025-11-17,279,,Spices,135.0,148.0,pcs,0,0,11,17,2025,none,0,-1
2025-11-11,280,,Spices,73.0,80.0,pcs,1,0,11,11,2025,none,0,-1
2025-11-12,280,,Spices,73.0,80.0,pcs,2,0,11,12,2025,none,0,-1
2025-11-13,280,,Spices,73.0,80.0,pcs,3,0,11,13,2025,none,0,-1
2025-11-14,280,,Spices,73.0,80.0,pcs,4,1,11,14,2025,none,0,-1
2025-11-15,280,,Spices,73.0,80.0,pcs,5,1,11,15,2025,none,0,-1
2025-11-16,280,,Spices,73.0,80.0,pcs,6,0,11,16,2025,none,0,-1
2025-11-17,280,,Spices,73.0,80.0,pcs,0,0,11,17,2025,none,0,-1
2025-11-11,281,,Spices,145.0,158.0,pcs,1,0,11,11,2025,none,0,-1
2025-11-12,281,,Spices,145.0,158.0,pcs,2,0,11,12,2025,none,0,-1
2025-11-13,281,,Spices,145.0,158.0,pcs,3,0,11,13,2025,none,0,-1
2025-11-14,281,,Spices,145.0,158.0,pcs,4,1,11,14,2025,none,0,-1
2025-11-15,281,,Spices,145.0,158.0,pcs,5,1,11,15,2025,none,0,-1
2025-11-16,281,,Spices,145.0,158.0,pcs,6,0,11,16,2025,none,0,-1
2025-11-17,281,,Spices,145.0,158.0,pcs,0,0,11,17,2025,none,0,-1
2025-11-11,282,,Spices,88.0,95.0,pcs,1,0,11,11,2025,none,0,-1
2025-11-12,282,,Spices,88.0,95.0,pcs,2,0,11,12,2025,none,0,-1
2025-11-13,282,,Spices,88.0,95.0,pcs,3,0,11,13,2025,none,0,-1
2025-11-14,282,,Spices,88.0,95.0,pcs,4,1,11,14,2025,none,0,-1
2025-11-15,282,,Spices,88.0,95.0,pcs,5,1,11,15,2025,none,0,-1
2025-11-16,282,,Spices,88.0,95.0,pcs,6,0,11,16,2025,none,0,-1
2025-11-17,282,,Spices,88.0,95.0,pcs,0,0,11,17,2025,none,0,-1
2025-11-11,283,,Spices,60.0,65.0,pcs,1,0,11,11,2025,none,0,-1
2025-11-12,283,,Spices,60.0,65.0,pcs,2,0,11,12,2025,none,0,-1
2025-11-13,283,,Spices,60.0,65.0,pcs,3,0,11,13,2025,none,0,-1
2025-11-14,283,,Spices,60.0,65.0,pcs,4,1,11,14,2025,none,0,-1
2025-11-15,283,,Spices,60.0,65.0,pcs,5,1,11,15,2025,none,0,-1
2025-11-16,283,,Spices,60.0,65.0,pcs,6,0,11,16,2025,none,0,-1
2025-11-17,283,,Spices,60.0,65.0,pcs,0,0,11,17,2025,none,0,-1
2025-11-11,284,,Spices,82.0,90.0,pcs,1,0,11,11,2025,none,0,-1
2025-11-12,284,,Spices,82.0,90.0,pcs,2,0,11,12,2025,none,0,-1
2025-11-13,284,,Spices,82.0,90.0,pcs,3,0,11,13,2025,none,0,-1
2025-11-14,284,,Spices,82.0,90.0,pcs,4,1,11,14,2025,none,0,-1
2025-11-15,284,,Spices,82.0,90.0,pcs,5,1,11,15,2025,none,0,-1
2025-11-16,284,,Spices,82.0,90.0,pcs,6,0,11,16,2025,none,0,-1
2025-11-17,284,,Spices,82.0,90.0,pcs,0,0,11,17,2025,none,0,-1
2025-11-11,285,,Spices,82.0,88.0,pcs,1,0,11,11,2025,none,0,-1
2025-11-12,285,,Spices,82.0,88.0,pcs,2,0,11,12,2025,none,0,-1
2025-11-13,285,,Spices,82.0,88.0,pcs,3,0,11,13,2025,none,0,-1
2025-11-14,285,,Spices,82.0,88.0,pcs,4,1,11,14,2025,none,0,-1
2025-11-15,285,,Spices,82.0,88.0,pcs,5,1,11,15,2025,none,0,-1
2025-11-16,285,,Spices,82.0,88.0,pcs,6,0,11,16,2025,none,0,-1
2025-11-17,285,,Spices,82.0,88.0,pcs,0,0,11,17,2025,none,0,-1
2025-11-11,286,,Spices,85.0,92.0,pcs,1,0,11,11,2025,none,0,-1
2025-11-12,286,,Spices,85.0,92.0,pcs,2,0,11,12,2025,none,0,-1
2025-11-13,286,,Spices,85.0,92.0,pcs,3,0,11,13,2025,none,0,-1
2025-11-14,286,,Spices,85.0,92.0,pcs,4,1,11,14,2025,none,0,-1
2025-11-15,286,,Spices,85.0,92.0,pcs,5,1,11,15,2025,none,0,-1
2025-11-16,286,,Spices,85.0,92.0,pcs,6,0,11,16,2025,none,0,-1
2025-11-17,286,,Spices,85.0,92.0,pcs,0,0,11,17,2025,none,0,-1
2025-11-11,287,,Spices,80.0,88.0,pcs,1,0,11,11,2025,none,0,-1
2025-11-12,287,,Spices,80.0,88.0,pcs,2,0,11,12,2025,none,0,-1
2025-11-13,287,,Spices,80.0,88.0,pcs,3,0,11,13,2025,none,0,-1
2025-11-14,287,,Spices,80.0,88.0,pcs,4,1,11,14,2025,none,0,-1
2025-11-15,287,,Spices,80.0,88.0,pcs,5,1,11,15,2025,none,0,-1
2025-11-16,287,,Spices,80.0,88.0,pcs,6,0,11,16,2025,none,0,-1
2025-11-17,287,,Spices,80.0,88.0,pcs,0,0,11,17,2025,none,0,-1
2025-11-11,288,,Spices,32.0,35.0,pcs,1,0,11,11,2025,none,0,-1
2025-11-12,288,,Spices,32.0,35.0,pcs,2,0,11,12,2025,none,0,-1
2025-11-13,288,,Spices,32.0,35.0,pcs,3,0,11,13,2025,none,0,-1
2025-11-14,288,,Spices,32.0,35.0,pcs,4,1,11,14,2025,none,0,-1
2025-11-15,288,,Spices,32.0,35.0,pcs,5,1,11,15,2025,none,0,-1
2025-11-16,288,,Spices,32.0,35.0,pcs,6,0,11,16,2025,none,0,-1
2025-11-17,288,,Spices,32.0,35.0,pcs,0,0,11,17,2025,none,0,-1
2025-11-11,289,,Spices,33.0,36.0,pcs,1,0,11,11,2025,none,0,-1
2025-11-12,289,,Spices,33.0,36.0,pcs,2,0,11,12,2025,none,0,-1
2025-11-13,289,,Spices,33.0,36.0,pcs,3,0,11,13,2025,none,0,-1
2025-11-14,289,,Spices,33.0,36.0,pcs,4,1,11,14,2025,none,0,-1
2025-11-15,289,,Spices,33.0,36.0,pcs,5,1,11,15,2025,none,0,-1
2025-11-16,289,,Spices,33.0,36.0,pcs,6,0,11,16,2025,none,0,-1
2025-11-17,289,,Spices,33.0,36.0,pcs,0,0,11,17,2025,none,0,-1
2025-11-11,290,,Spices,32.0,35.0,pcs,1,0,11,11,2025,none,0,-1
2025-11-12,290,,Spices,32.0,35.0,pcs,2,0,11,12,2025,none,0,-1
2025-11-13,290,,Spices,32.0,35.0,pcs,3,0,11,13,2025,none,0,-1
2025-11-14,290,,Spices,32.0,35.0,pcs,4,1,11,14,2025,none,0,-1
2025-11-15,290,,Spices,32.0,35.0,pcs,5,1,11,15,2025,none,0,-1
2025-11-16,290,,Spices,32.0,35.0,pcs,6,0,11,16,2025,none,0,-1
2025-11-17,290,,Spices,32.0,35.0,pcs,0,0,11,17,2025,none,0,-1
2025-11-11,291,,Spices,112.0,120.0,pcs,1,0,11,11,2025,none,0,-1
2025-11-12,291,,Spices,112.0,120.0,pcs,2,0,11,12,2025,none,0,-1
2025-11-13,291,,Spices,112.0,120.0,pcs,3,0,11,13,2025,none,0,-1
2025-11-14,291,,Spices,112.0,120.0,pcs,4,1,11,14,2025,none,0,-1
2025-11-15,291,,Spices,112.0,120.0,pcs,5,1,11,15,2025,none,0,-1
2025-11-16,291,,Spices,112.0,120.0,pcs,6,0,11,16,2025,none,0,-1
2025-11-17,291,,Spices,112.0,120.0,pcs,0,0,11,17,2025,none,0,-1
2025-11-11,292,,Spices,118.0,128.0,pcs,1,0,11,11,2025,none,0,-1
2025-11-12,292,,Spices,118.0,128.0,pcs,2,0,11,12,2025,none,0,-1
2025-11-13,292,,Spices,118.0,128.0,pcs,3,0,11,13,2025,none,0,-1
2025-11-14,292,,Spices,118.0,128.0,pcs,4,1,11,14,2025,none,0,-1
2025-11-15,292,,Spices,118.0,128.0,pcs,5,1,11,15,2025,none,0,-1
2025-11-16,292,,Spices,118.0,128.0,pcs,6,0,11,16,2025,none,0,-1
2025-11-17,292,,Spices,118.0,128.0,pcs,0,0,11,17,2025,none,0,-1
2025-11-11,293,,Spices,195.0,215.0,pcs,1,0,11,11,2025,none,0,-1
2025-11-12,293,,Spices,195.0,215.0,pcs,2,0,11,12,2025,none,0,-1
2025-11-13,293,,Spices,195.0,215.0,pcs,3,0,11,13,2025,none,0,-1
2025-11-14,293,,Spices,195.0,215.0,pcs,4,1,11,14,2025,none,0,-1
2025-11-15,293,,Spices,195.0,215.0,pcs,5,1,11,15,2025,none,0,-1
2025-11-16,293,,Spices,195.0,215.0,pcs,6,0,11,16,2025,none,0,-1
2025-11-17,293,,Spices,195.0,215.0,pcs,0,0,11,17,2025,none,0,-1
2025-11-11,294,,Spices,88.0,98.0,pcs,1,0,11,11,2025,none,0,-1
2025-11-12,294,,Spices,88.0,98.0,pcs,2,0,11,12,2025,none,0,-1
2025-11-13,294,,Spices,88.0,98.0,pcs,3,0,11,13,2025,none,0,-1
2025-11-14,294,,Spices,88.0,98.0,pcs,4,1,11,14,2025,none,0,-1
2025-11-15,294,,Spices,88.0,98.0,pcs,5,1,11,15,2025,none,0,-1
2025-11-16,294,,Spices,88.0,98.0,pcs,6,0,11,16,2025,none,0,-1
2025-11-17,294,,Spices,88.0,98.0,pcs,0,0,11,17,2025,none,0,-1
2025-11-11,295,,Spices,105.0,118.0,pcs,1,0,11,11,2025,none,0,-1
2025-11-12,295,,Spices,105.0,118.0,pcs,2,0,11,12,2025,none,0,-1
2025-11-13,295,,Spices,105.0,118.0,pcs,3,0,11,13,2025,none,0,-1
2025-11-14,295,,Spices,105.0,118.0,pcs,4,1,11,14,2025,none,0,-1
2025-11-15,295,,Spices,105.0,118.0,pcs,5,1,11,15,2025,none,0,-1
2025-11-16,295,,Spices,105.0,118.0,pcs,6,0,11,16,2025,none,0,-1
2025-11-17,295,,Spices,105.0,118.0,pcs,0,0,11,17,2025,none,0,-1
2025-11-11,296,,Spices,48.0,55.0,pcs,1,0,11,11,2025,none,0,-1
2025-11-12,296,,Spices,48.0,55.0,pcs,2,0,11,12,2025,none,0,-1
2025-11-13,296,,Spices,48.0,55.0,pcs,3,0,11,13,2025,none,0,-1
2025-11-14,296,,Spices,48.0,55.0,pcs,4,1,11,14,2025,none,0,-1
2025-11-15,296,,Spices,48.0,55.0,pcs,5,1,11,15,2025,none,0,-1
2025-11-16,296,,Spices,48.0,55.0,pcs,6,0,11,16,2025,none,0,-1
2025-11-17,296,,Spices,48.0,55.0,pcs,0,0,11,17,2025,none,0,-1
2025-11-11,297,,Spices,92.0,102.0,pcs,1,0,11,11,2025,none,0,-1
2025-11-12,297,,Spices,92.0,102.0,pcs,2,0,11,12,2025,none,0,-1
2025-11-13,297,,Spices,92.0,102.0,pcs,3,0,11,13,2025,none,0,-1
2025-11-14,297,,Spices,92.0,102.0,pcs,4,1,11,14,2025,none,0,-1
2025-11-15,297,,Spices,92.0,102.0,pcs,5,1,11,15,2025,none,0,-1
2025-11-16,297,,Spices,92.0,102.0,pcs,6,0,11,16,2025,none,0,-1
2025-11-17,297,,Spices,92.0,102.0,pcs,0,0,11,17,2025,none,0,-1
2025-11-11,298,,Spices,58.0,65.0,pcs,1,0,11,11,2025,none,0,-1
2025-11-12,298,,Spices,58.0,65.0,pcs,2,0,11,12,2025,none,0,-1
2025-11-13,298,,Spices,58.0,65.0,pcs,3,0,11,13,2025,none,0,-1
2025-11-14,298,,Spices,58.0,65.0,pcs,4,1,11,14,2025,none,0,-1
2025-11-15,298,,Spices,58.0,65.0,pcs,5,1,11,15,2025,none,0,-1
2025-11-16,298,,Spices,58.0,65.0,pcs,6,0,11,16,2025,none,0,-1
2025-11-17,298,,Spices,58.0,65.0,pcs,0,0,11,17,2025,none,0,-1
2025-11-11,299,,Spices,82.0,90.0,pcs,1,0,11,11,2025,none,0,-1
2025-11-12,299,,Spices,82.0,90.0,pcs,2,0,11,12,2025,none,0,-1
2025-11-13,299,,Spices,82.0,90.0,pcs,3,0,11,13,2025,none,0,-1
2025-11-14,299,,Spices,82.0,90.0,pcs,4,1,11,14,2025,none,0,-1
2025-11-15,299,,Spices,82.0,90.0,pcs,5,1,11,15,2025,none,0,-1
2025-11-16,299,,Spices,82.0,90.0,pcs,6,0,11,16,2025,none,0,-1
2025-11-17,299,,Spices,82.0,90.0,pcs,0,0,11,17,2025,none,0,-1
2025-11-11,300,,Spices,42.0,48.0,pcs,1,0,11,11,2025,none,0,-1
2025-11-12,300,,Spices,42.0,48.0,pcs,2,0,11,12,2025,none,0,-1
2025-11-13,300,,Spices,42.0,48.0,pcs,3,0,11,13,2025,none,0,-1
2025-11-14,300,,Spices,42.0,48.0,pcs,4,1,11,14,2025,none,0,-1
2025-11-15,300,,Spices,42.0,48.0,pcs,5,1,11,15,2025,none,0,-1
2025-11-16,300,,Spices,42.0,48.0,pcs,6,0,11,16,2025,none,0,-1
2025-11-17,300,,Spices,42.0,48.0,pcs,0,0,11,17,2025,none,0,-1
2025-11-11,301,,Spices,68.0,75.0,pcs,1,0,11,11,2025,none,0,-1
2025-11-12,301,,Spices,68.0,75.0,pcs,2,0,11,12,2025,none,0,-1
2025-11-13,301,,Spices,68.0,75.0,pcs,3,0,11,13,2025,none,0,-1
2025-11-14,301,,Spices,68.0,75.0,pcs,4,1,11,14,2025,none,0,-1
2025-11-15,301,,Spices,68.0,75.0,pcs,5,1,11,15,2025,none,0,-1
2025-11-16,301,,Spices,68.0,75.0,pcs,6,0,11,16,2025,none,0,-1
2025-11-17,301,,Spices,68.0,75.0,pcs,0,0,11,17,2025,none,0,-1
2025-11-11,302,,Snacks,40.0,45.0,pcs,1,0,11,11,2025,none,0,-1
2025-11-12,302,,Snacks,40.0,45.0,pcs,2,0,11,12,2025,none,0,-1
2025-11-13,302,,Snacks,40.0,45.0,pcs,3,0,11,13,2025,none,0,-1
2025-11-14,302,,Snacks,40.0,45.0,pcs,4,1,11,14,2025,none,0,-1
2025-11-15,302,,Snacks,40.0,45.0,pcs,5,1,11,15,2025,none,0,-1
2025-11-16,302,,Snacks,40.0,45.0,pcs,6,0,11,16,2025,none,0,-1
2025-11-17,302,,Snacks,40.0,45.0,pcs,0,0,11,17,2025,none,0,-1
2025-11-11,303,,Snacks,80.0,88.0,pcs,1,0,11,11,2025,none,0,-1
2025-11-12,303,,Snacks,80.0,88.0,pcs,2,0,11,12,2025,none,0,-1
2025-11-13,303,,Snacks,80.0,88.0,pcs,3,0,11,13,2025,none,0,-1
2025-11-14,303,,Snacks,80.0,88.0,pcs,4,1,11,14,2025,none,0,-1
2025-11-15,303,,Snacks,80.0,88.0,pcs,5,1,11,15,2025,none,0,-1
2025-11-16,303,,Snacks,80.0,88.0,pcs,6,0,11,16,2025,none,0,-1
2025-11-17,303,,Snacks,80.0,88.0,pcs,0,0,11,17,2025,none,0,-1
2025-11-11,304,,Snacks,43.0,48.0,pcs,1,0,11,11,2025,none,0,-1
2025-11-12,304,,Snacks,43.0,48.0,pcs,2,0,11,12,2025,none,0,-1
2025-11-13,304,,Snacks,43.0,48.0,pcs,3,0,11,13,2025,none,0,-1
2025-11-14,304,,Snacks,43.0,48.0,pcs,4,1,11,14,2025,none,0,-1
2025-11-15,304,,Snacks,43.0,48.0,pcs,5,1,11,15,2025,none,0,-1
2025-11-16,304,,Snacks,43.0,48.0,pcs,6,0,11,16,2025,none,0,-1
2025-11-17,304,,Snacks,43.0,48.0,pcs,0,0,11,17,2025,none,0,-1
2025-11-11,305,,Snacks,85.0,95.0,pcs,1,0,11,11,2025,none,0,-1
2025-11-12,305,,Snacks,85.0,95.0,pcs,2,0,11,12,2025,none,0,-1
2025-11-13,305,,Snacks,85.0,95.0,pcs,3,0,11,13,2025,none,0,-1
2025-11-14,305,,Snacks,85.0,95.0,pcs,4,1,11,14,2025,none,0,-1
2025-11-15,305,,Snacks,85.0,95.0,pcs,5,1,11,15,2025,none,0,-1
2025-11-16,305,,Snacks,85.0,95.0,pcs,6,0,11,16,2025,none,0,-1
2025-11-17,305,,Snacks,85.0,95.0,pcs,0,0,11,17,2025,none,0,-1
2025-11-11,306,,Snacks,58.0,65.0,pcs,1,0,11,11,2025,none,0,-1
2025-11-12,306,,Snacks,58.0,65.0,pcs,2,0,11,12,2025,none,0,-1
2025-11-13,306,,Snacks,58.0,65.0,pcs,3,0,11,13,2025,none,0,-1
2025-11-14,306,,Snacks,58.0,65.0,pcs,4,1,11,14,2025,none,0,-1
2025-11-15,306,,Snacks,58.0,65.0,pcs,5,1,11,15,2025,none,0,-1
2025-11-16,306,,Snacks,58.0,65.0,pcs,6,0,11,16,2025,none,0,-1
2025-11-17,306,,Snacks,58.0,65.0,pcs,0,0,11,17,2025,none,0,-1
2025-11-11,307,,Snacks,55.0,62.0,pcs,1,0,11,11,2025,none,0,-1
2025-11-12,307,,Snacks,55.0,62.0,pcs,2,0,11,12,2025,none,0,-1
2025-11-13,307,,Snacks,55.0,62.0,pcs,3,0,11,13,2025,none,0,-1
2025-11-14,307,,Snacks,55.0,62.0,pcs,4,1,11,14,2025,none,0,-1
2025-11-15,307,,Snacks,55.0,62.0,pcs,5,1,11,15,2025,none,0,-1
2025-11-16,307,,Snacks,55.0,62.0,pcs,6,0,11,16,2025,none,0,-1
2025-11-17,307,,Snacks,55.0,62.0,pcs,0,0,11,17,2025,none,0,-1
2025-11-11,308,,Snacks,52.0,58.0,pcs,1,0,11,11,2025,none,0,-1
2025-11-12,308,,Snacks,52.0,58.0,pcs,2,0,11,12,2025,none,0,-1
2025-11-13,308,,Snacks,52.0,58.0,pcs,3,0,11,13,2025,none,0,-1
2025-11-14,308,,Snacks,52.0,58.0,pcs,4,1,11,14,2025,none,0,-1
2025-11-15,308,,Snacks,52.0,58.0,pcs,5,1,11,15,2025,none,0,-1
2025-11-16,308,,Snacks,52.0,58.0,pcs,6,0,11,16,2025,none,0,-1
2025-11-17,308,,Snacks,52.0,58.0,pcs,0,0,11,17,2025,none,0,-1
2025-11-11,309,,Snacks,38.0,42.0,pcs,1,0,11,11,2025,none,0,-1
2025-11-12,309,,Snacks,38.0,42.0,pcs,2,0,11,12,2025,none,0,-1
2025-11-13,309,,Snacks,38.0,42.0,pcs,3,0,11,13,2025,none,0,-1
2025-11-14,309,,Snacks,38.0,42.0,pcs,4,1,11,14,2025,none,0,-1
2025-11-15,309,,Snacks,38.0,42.0,pcs,5,1,11,15,2025,none,0,-1
2025-11-16,309,,Snacks,38.0,42.0,pcs,6,0,11,16,2025,none,0,-1
2025-11-17,309,,Snacks,38.0,42.0,pcs,0,0,11,17,2025,none,0,-1
2025-11-11,310,,Snacks,185.0,205.0,pcs,1,0,11,11,2025,none,0,-1
2025-11-12,310,,Snacks,185.0,205.0,pcs,2,0,11,12,2025,none,0,-1
2025-11-13,310,,Snacks,185.0,205.0,pcs,3,0,11,13,2025,none,0,-1
2025-11-14,310,,Snacks,185.0,205.0,pcs,4,1,11,14,2025,none,0,-1
2025-11-15,310,,Snacks,185.0,205.0,pcs,5,1,11,15,2025,none,0,-1
2025-11-16,310,,Snacks,185.0,205.0,pcs,6,0,11,16,2025,none,0,-1
2025-11-17,310,,Snacks,185.0,205.0,pcs,0,0,11,17,2025,none,0,-1
2025-11-11,311,,Snacks,38.0,42.0,pcs,1,0,11,11,2025,none,0,-1
2025-11-12,311,,Snacks,38.0,42.0,pcs,2,0,11,12,2025,none,0,-1
2025-11-13,311,,Snacks,38.0,42.0,pcs,3,0,11,13,2025,none,0,-1
2025-11-14,311,,Snacks,38.0,42.0,pcs,4,1,11,14,2025,none,0,-1
2025-11-15,311,,Snacks,38.0,42.0,pcs,5,1,11,15,2025,none,0,-1
2025-11-16,311,,Snacks,38.0,42.0,pcs,6,0,11,16,2025,none,0,-1
2025-11-17,311,,Snacks,38.0,42.0,pcs,0,0,11,17,2025,none,0,-1
2025-11-11,312,,Snacks,28.0,32.0,pcs,1,0,11,11,2025,none,0,-1
2025-11-12,312,,Snacks,28.0,32.0,pcs,2,0,11,12,2025,none,0,-1
2025-11-13,312,,Snacks,28.0,32.0,pcs,3,0,11,13,2025,none,0,-1
2025-11-14,312,,Snacks,28.0,32.0,pcs,4,1,11,14,2025,none,0,-1
2025-11-15,312,,Snacks,28.0,32.0,pcs,5,1,11,15,2025,none,0,-1
2025-11-16,312,,Snacks,28.0,32.0,pcs,6,0,11,16,2025,none,0,-1
2025-11-17,312,,Snacks,28.0,32.0,pcs,0,0,11,17,2025,none,0,-1
2025-11-11,313,,Snacks,22.0,25.0,pcs,1,0,11,11,2025,none,0,-1
2025-11-12,313,,Snacks,22.0,25.0,pcs,2,0,11,12,2025,none,0,-1
2025-11-13,313,,Snacks,22.0,25.0,pcs,3,0,11,13,2025,none,0,-1
2025-11-14,313,,Snacks,22.0,25.0,pcs,4,1,11,14,2025,none,0,-1
2025-11-15,313,,Snacks,22.0,25.0,pcs,5,1,11,15,2025,none,0,-1
2025-11-16,313,,Snacks,22.0,25.0,pcs,6,0,11,16,2025,none,0,-1
2025-11-17,313,,Snacks,22.0,25.0,pcs,0,0,11,17,2025,none,0,-1
2025-11-11,314,,Beverages,31.0,35.0,pcs,1,0,11,11,2025,none,0,-1
2025-11-12,314,,Beverages,31.0,35.0,pcs,2,0,11,12,2025,none,0,-1
2025-11-13,314,,Beverages,31.0,35.0,pcs,3,0,11,13,2025,none,0,-1
2025-11-14,314,,Beverages,31.0,35.0,pcs,4,1,11,14,2025,none,0,-1
2025-11-15,314,,Beverages,31.0,35.0,pcs,5,1,11,15,2025,none,0,-1
2025-11-16,314,,Beverages,31.0,35.0,pcs,6,0,11,16,2025,none,0,-1
2025-11-17,314,,Beverages,31.0,35.0,pcs,0,0,11,17,2025,none,0,-1
2025-11-11,315,,Beverages,110.0,120.0,pcs,1,0,11,11,2025,none,0,-1
2025-11-12,315,,Beverages,110.0,120.0,pcs,2,0,11,12,2025,none,0,-1
2025-11-13,315,,Beverages,110.0,120.0,pcs,3,0,11,13,2025,none,0,-1
2025-11-14,315,,Beverages,110.0,120.0,pcs,4,1,11,14,2025,none,0,-1
2025-11-15,315,,Beverages,110.0,120.0,pcs,5,1,11,15,2025,none,0,-1
2025-11-16,315,,Beverages,110.0,120.0,pcs,6,0,11,16,2025,none,0,-1
2025-11-17,315,,Beverages,110.0,120.0,pcs,0,0,11,17,2025,none,0,-1
2025-11-11,316,,Beverages,31.0,35.0,pcs,1,0,11,11,2025,none,0,-1
2025-11-12,316,,Beverages,31.0,35.0,pcs,2,0,11,12,2025,none,0,-1
2025-11-13,316,,Beverages,31.0,35.0,pcs,3,0,11,13,2025,none,0,-1
2025-11-14,316,,Beverages,31.0,35.0,pcs,4,1,11,14,2025,none,0,-1
2025-11-15,316,,Beverages,31.0,35.0,pcs,5,1,11,15,2025,none,0,-1
2025-11-16,316,,Beverages,31.0,35.0,pcs,6,0,11,16,2025,none,0,-1
2025-11-17,316,,Beverages,31.0,35.0,pcs,0,0,11,17,2025,none,0,-1
2025-11-11,317,,Beverages,22.0,25.0,pcs,1,0,11,11,2025,none,0,-1
2025-11-12,317,,Beverages,22.0,25.0,pcs,2,0,11,12,2025,none,0,-1
2025-11-13,317,,Beverages,22.0,25.0,pcs,3,0,11,13,2025,none,0,-1
2025-11-14,317,,Beverages,22.0,25.0,pcs,4,1,11,14,2025,none,0,-1
2025-11-15,317,,Beverages,22.0,25.0,pcs,5,1,11,15,2025,none,0,-1
2025-11-16,317,,Beverages,22.0,25.0,pcs,6,0,11,16,2025,none,0,-1
2025-11-17,317,,Beverages,22.0,25.0,pcs,0,0,11,17,2025,none,0,-1
2025-11-11,318,,Beverages,78.0,85.0,pcs,1,0,11,11,2025,none,0,-1
2025-11-12,318,,Beverages,78.0,85.0,pcs,2,0,11,12,2025,none,0,-1
2025-11-13,318,,Beverages,78.0,85.0,pcs,3,0,11,13,2025,none,0,-1
2025-11-14,318,,Beverages,78.0,85.0,pcs,4,1,11,14,2025,none,0,-1
2025-11-15,318,,Beverages,78.0,85.0,pcs,5,1,11,15,2025,none,0,-1
2025-11-16,318,,Beverages,78.0,85.0,pcs,6,0,11,16,2025,none,0,-1
2025-11-17,318,,Beverages,78.0,85.0,pcs,0,0,11,17,2025,none,0,-1
2025-11-11,319,,Beverages,142.0,155.0,pcs,1,0,11,11,2025,none,0,-1
2025-11-12,319,,Beverages,142.0,155.0,pcs,2,0,11,12,2025,none,0,-1
2025-11-13,319,,Beverages,142.0,155.0,pcs,3,0,11,13,2025,none,0,-1
2025-11-14,319,,Beverages,142.0,155.0,pcs,4,1,11,14,2025,none,0,-1
2025-11-15,319,,Beverages,142.0,155.0,pcs,5,1,11,15,2025,none,0,-1
2025-11-16,319,,Beverages,142.0,155.0,pcs,6,0,11,16,2025,none,0,-1
2025-11-17,319,,Beverages,142.0,155.0,pcs,0,0,11,17,2025,none,0,-1
2025-11-11,320,,Beverages,22.0,25.0,pcs,1,0,11,11,2025,none,0,-1
2025-11-12,320,,Beverages,22.0,25.0,pcs,2,0,11,12,2025,none,0,-1
2025-11-13,320,,Beverages,22.0,25.0,pcs,3,0,11,13,2025,none,0,-1
2025-11-14,320,,Beverages,22.0,25.0,pcs,4,1,11,14,2025,none,0,-1
2025-11-15,320,,Beverages,22.0,25.0,pcs,5,1,11,15,2025,none,0,-1
2025-11-16,320,,Beverages,22.0,25.0,pcs,6,0,11,16,2025,none,0,-1
2025-11-17,320,,Beverages,22.0,25.0,pcs,0,0,11,17,2025,none,0,-1
2025-11-11,321,,Beverages,78.0,85.0,pcs,1,0,11,11,2025,none,0,-1
2025-11-12,321,,Beverages,78.0,85.0,pcs,2,0,11,12,2025,none,0,-1
2025-11-13,321,,Beverages,78.0,85.0,pcs,3,0,11,13,2025,none,0,-1
2025-11-14,321,,Beverages,78.0,85.0,pcs,4,1,11,14,2025,none,0,-1
2025-11-15,321,,Beverages,78.0,85.0,pcs,5,1,11,15,2025,none,0,-1
2025-11-16,321,,Beverages,78.0,85.0,pcs,6,0,11,16,2025,none,0,-1
2025-11-17,321,,Beverages,78.0,85.0,pcs,0,0,11,17,2025,none,0,-1
2025-11-11,322,,Beverages,22.0,25.0,pcs,1,0,11,11,2025,none,0,-1
2025-11-12,322,,Beverages,22.0,25.0,pcs,2,0,11,12,2025,none,0,-1
2025-11-13,322,,Beverages,22.0,25.0,pcs,3,0,11,13,2025,none,0,-1
2025-11-14,322,,Beverages,22.0,25.0,pcs,4,1,11,14,2025,none,0,-1
2025-11-15,322,,Beverages,22.0,25.0,pcs,5,1,11,15,2025,none,0,-1
2025-11-16,322,,Beverages,22.0,25.0,pcs,6,0,11,16,2025,none,0,-1
2025-11-17,322,,Beverages,22.0,25.0,pcs,0,0,11,17,2025,none,0,-1
2025-11-11,323,,Beverages,20.0,23.0,pcs,1,0,11,11,2025,none,0,-1
2025-11-12,323,,Beverages,20.0,23.0,pcs,2,0,11,12,2025,none,0,-1
2025-11-13,323,,Beverages,20.0,23.0,pcs,3,0,11,13,2025,none,0,-1
2025-11-14,323,,Beverages,20.0,23.0,pcs,4,1,11,14,2025,none,0,-1
2025-11-15,323,,Beverages,20.0,23.0,pcs,5,1,11,15,2025,none,0,-1
2025-11-16,323,,Beverages,20.0,23.0,pcs,6,0,11,16,2025,none,0,-1
2025-11-17,323,,Beverages,20.0,23.0,pcs,0,0,11,17,2025,none,0,-1
2025-11-11,324,,Beverages,22.0,25.0,pcs,1,0,11,11,2025,none,0,-1
2025-11-12,324,,Beverages,22.0,25.0,pcs,2,0,11,12,2025,none,0,-1
2025-11-13,324,,Beverages,22.0,25.0,pcs,3,0,11,13,2025,none,0,-1
2025-11-14,324,,Beverages,22.0,25.0,pcs,4,1,11,14,2025,none,0,-1
2025-11-15,324,,Beverages,22.0,25.0,pcs,5,1,11,15,2025,none,0,-1
2025-11-16,324,,Beverages,22.0,25.0,pcs,6,0,11,16,2025,none,0,-1
2025-11-17,324,,Beverages,22.0,25.0,pcs,0,0,11,17,2025,none,0,-1
2025-11-11,325,,Beverages,22.0,25.0,pcs,1,0,11,11,2025,none,0,-1
2025-11-12,325,,Beverages,22.0,25.0,pcs,2,0,11,12,2025,none,0,-1
2025-11-13,325,,Beverages,22.0,25.0,pcs,3,0,11,13,2025,none,0,-1
2025-11-14,325,,Beverages,22.0,25.0,pcs,4,1,11,14,2025,none,0,-1
2025-11-15,325,,Beverages,22.0,25.0,pcs,5,1,11,15,2025,none,0,-1
2025-11-16,325,,Beverages,22.0,25.0,pcs,6,0,11,16,2025,none,0,-1
2025-11-17,325,,Beverages,22.0,25.0,pcs,0,0,11,17,2025,none,0,-1
2025-11-11,326,,Beverages,175.0,195.0,pcs,1,0,11,11,2025,none,0,-1
2025-11-12,326,,Beverages,175.0,195.0,pcs,2,0,11,12,2025,none,0,-1
2025-11-13,326,,Beverages,175.0,195.0,pcs,3,0,11,13,2025,none,0,-1
2025-11-14,326,,Beverages,175.0,195.0,pcs,4,1,11,14,2025,none,0,-1
2025-11-15,326,,Beverages,175.0,195.0,pcs,5,1,11,15,2025,none,0,-1
2025-11-16,326,,Beverages,175.0,195.0,pcs,6,0,11,16,2025,none,0,-1
2025-11-17,326,,Beverages,175.0,195.0,pcs,0,0,11,17,2025,none,0,-1
2025-11-11,327,,Beverages,68.0,75.0,pcs,1,0,11,11,2025,none,0,-1
2025-11-12,327,,Beverages,68.0,75.0,pcs,2,0,11,12,2025,none,0,-1
2025-11-13,327,,Beverages,68.0,75.0,pcs,3,0,11,13,2025,none,0,-1
2025-11-14,327,,Beverages,68.0,75.0,pcs,4,1,11,14,2025,none,0,-1
2025-11-15,327,,Beverages,68.0,75.0,pcs,5,1,11,15,2025,none,0,-1
2025-11-16,327,,Beverages,68.0,75.0,pcs,6,0,11,16,2025,none,0,-1
2025-11-17,327,,Beverages,68.0,75.0,pcs,0,0,11,17,2025,none,0,-1
2025-11-11,328,,Beverages,18.0,20.0,pcs,1,0,11,11,2025,none,0,-1
2025-11-12,328,,Beverages,18.0,20.0,pcs,2,0,11,12,2025,none,0,-1
2025-11-13,328,,Beverages,18.0,20.0,pcs,3,0,11,13,2025,none,0,-1
2025-11-14,328,,Beverages,18.0,20.0,pcs,4,1,11,14,2025,none,0,-1
2025-11-15,328,,Beverages,18.0,20.0,pcs,5,1,11,15,2025,none,0,-1
2025-11-16,328,,Beverages,18.0,20.0,pcs,6,0,11,16,2025,none,0,-1
2025-11-17,328,,Beverages,18.0,20.0,pcs,0,0,11,17,2025,none,0,-1
2025-11-11,329,,Dairy,102.0,110.0,pcs,1,0,11,11,2025,none,0,-1
2025-11-12,329,,Dairy,102.0,110.0,pcs,2,0,11,12,2025,none,0,-1
2025-11-13,329,,Dairy,102.0,110.0,pcs,3,0,11,13,2025,none,0,-1
2025-11-14,329,,Dairy,102.0,110.0,pcs,4,1,11,14,2025,none,0,-1
2025-11-15,329,,Dairy,102.0,110.0,pcs,5,1,11,15,2025,none,0,-1
2025-11-16,329,,Dairy,102.0,110.0,pcs,6,0,11,16,2025,none,0,-1
2025-11-17,329,,Dairy,102.0,110.0,pcs,0,0,11,17,2025,none,0,-1
2025-11-11,330,,Dairy,52.0,56.0,pcs,1,0,11,11,2025,none,0,-1
2025-11-12,330,,Dairy,52.0,56.0,pcs,2,0,11,12,2025,none,0,-1
2025-11-13,330,,Dairy,52.0,56.0,pcs,3,0,11,13,2025,none,0,-1
2025-11-14,330,,Dairy,52.0,56.0,pcs,4,1,11,14,2025,none,0,-1
2025-11-15,330,,Dairy,52.0,56.0,pcs,5,1,11,15,2025,none,0,-1
2025-11-16,330,,Dairy,52.0,56.0,pcs,6,0,11,16,2025,none,0,-1
2025-11-17,330,,Dairy,52.0,56.0,pcs,0,0,11,17,2025,none,0,-1
2025-11-11,331,,Dairy,104.0,112.0,pcs,1,0,11,11,2025,none,0,-1
2025-11-12,331,,Dairy,104.0,112.0,pcs,2,0,11,12,2025,none,0,-1
2025-11-13,331,,Dairy,104.0,112.0,pcs,3,0,11,13,2025,none,0,-1
2025-11-14,331,,Dairy,104.0,112.0,pcs,4,1,11,14,2025,none,0,-1
2025-11-15,331,,Dairy,104.0,112.0,pcs,5,1,11,15,2025,none,0,-1
2025-11-16,331,,Dairy,104.0,112.0,pcs,6,0,11,16,2025,none,0,-1
2025-11-17,331,,Dairy,104.0,112.0,pcs,0,0,11,17,2025,none,0,-1
2025-11-11,332,,Dairy,98.0,108.0,pcs,1,0,11,11,2025,none,0,-1
2025-11-12,332,,Dairy,98.0,108.0,pcs,2,0,11,12,2025,none,0,-1
2025-11-13,332,,Dairy,98.0,108.0,pcs,3,0,11,13,2025,none,0,-1
2025-11-14,332,,Dairy,98.0,108.0,pcs,4,1,11,14,2025,none,0,-1
2025-11-15,332,,Dairy,98.0,108.0,pcs,5,1,11,15,2025,none,0,-1
2025-11-16,332,,Dairy,98.0,108.0,pcs,6,0,11,16,2025,none,0,-1
2025-11-17,332,,Dairy,98.0,108.0,pcs,0,0,11,17,2025,none,0,-1
2025-11-11,333,,Dairy,48.0,52.0,pcs,1,0,11,11,2025,none,0,-1
2025-11-12,333,,Dairy,48.0,52.0,pcs,2,0,11,12,2025,none,0,-1
2025-11-13,333,,Dairy,48.0,52.0,pcs,3,0,11,13,2025,none,0,-1
2025-11-14,333,,Dairy,48.0,52.0,pcs,4,1,11,14,2025,none,0,-1
2025-11-15,333,,Dairy,48.0,52.0,pcs,5,1,11,15,2025,none,0,-1
2025-11-16,333,,Dairy,48.0,52.0,pcs,6,0,11,16,2025,none,0,-1
2025-11-17,333,,Dairy,48.0,52.0,pcs,0,0,11,17,2025,none,0,-1
2025-11-11,334,,Dairy,325.0,340.0,pcs,1,0,11,11,2025,none,0,-1
2025-11-12,334,,Dairy,325.0,340.0,pcs,2,0,11,12,2025,none,0,-1
2025-11-13,334,,Dairy,325.0,340.0,pcs,3,0,11,13,2025,none,0,-1
2025-11-14,334,,Dairy,325.0,340.0,pcs,4,1,11,14,2025,none,0,-1
2025-11-15,334,,Dairy,325.0,340.0,pcs,5,1,11,15,2025,none,0,-1
2025-11-16,334,,Dairy,325.0,340.0,pcs,6,0,11,16,2025,none,0,-1
2025-11-17,334,,Dairy,325.0,340.0,pcs,0,0,11,17,2025,none,0,-1
2025-11-11,335,,Dairy,812.0,850.0,pcs,1,0,11,11,2025,none,0,-1
2025-11-12,335,,Dairy,812.0,850.0,pcs,2,0,11,12,2025,none,0,-1
2025-11-13,335,,Dairy,812.0,850.0,pcs,3,0,11,13,2025,none,0,-1
2025-11-14,335,,Dairy,812.0,850.0,pcs,4,1,11,14,2025,none,0,-1
2025-11-15,335,,Dairy,812.0,850.0,pcs,5,1,11,15,2025,none,0,-1
2025-11-16,335,,Dairy,812.0,850.0,pcs,6,0,11,16,2025,none,0,-1
2025-11-17,335,,Dairy,812.0,850.0,pcs,0,0,11,17,2025,none,0,-1
2025-11-11,336,,Dairy,320.0,335.0,pcs,1,0,11,11,2025,none,0,-1
2025-11-12,336,,Dairy,320.0,335.0,pcs,2,0,11,12,2025,none,0,-1
2025-11-13,336,,Dairy,320.0,335.0,pcs,3,0,11,13,2025,none,0,-1
2025-11-14,336,,Dairy,320.0,335.0,pcs,4,1,11,14,2025,none,0,-1
2025-11-15,336,,Dairy,320.0,335.0,pcs,5,1,11,15,2025,none,0,-1
2025-11-16,336,,Dairy,320.0,335.0,pcs,6,0,11,16,2025,none,0,-1
2025-11-17,336,,Dairy,320.0,335.0,pcs,0,0,11,17,2025,none,0,-1
2025-11-11,337,,Dairy,272.0,285.0,pcs,1,0,11,11,2025,none,0,-1
2025-11-12,337,,Dairy,272.0,285.0,pcs,2,0,11,12,2025,none,0,-1
2025-11-13,337,,Dairy,272.0,285.0,pcs,3,0,11,13,2025,none,0,-1
2025-11-14,337,,Dairy,272.0,285.0,pcs,4,1,11,14,2025,none,0,-1
2025-11-15,337,,Dairy,272.0,285.0,pcs,5,1,11,15,2025,none,0,-1
2025-11-16,337,,Dairy,272.0,285.0,pcs,6,0,11,16,2025,none,0,-1
2025-11-17,337,,Dairy,272.0,285.0,pcs,0,0,11,17,2025,none,0,-1
2025-11-11,338,,Dairy,295.0,315.0,pcs,1,0,11,11,2025,none,0,-1
2025-11-12,338,,Dairy,295.0,315.0,pcs,2,0,11,12,2025,none,0,-1
2025-11-13,338,,Dairy,295.0,315.0,pcs,3,0,11,13,2025,none,0,-1
2025-11-14,338,,Dairy,295.0,315.0,pcs,4,1,11,14,2025,none,0,-1
2025-11-15,338,,Dairy,295.0,315.0,pcs,5,1,11,15,2025,none,0,-1
2025-11-16,338,,Dairy,295.0,315.0,pcs,6,0,11,16,2025,none,0,-1
2025-11-17,338,,Dairy,295.0,315.0,pcs,0,0,11,17,2025,none,0,-1
2025-11-11,339,,Dairy,16.0,18.0,pcs,1,0,11,11,2025,none,0,-1
2025-11-12,339,,Dairy,16.0,18.0,pcs,2,0,11,12,2025,none,0,-1
2025-11-13,339,,Dairy,16.0,18.0,pcs,3,0,11,13,2025,none,0,-1
2025-11-14,339,,Dairy,16.0,18.0,pcs,4,1,11,14,2025,none,0,-1
2025-11-15,339,,Dairy,16.0,18.0,pcs,5,1,11,15,2025,none,0,-1
2025-11-16,339,,Dairy,16.0,18.0,pcs,6,0,11,16,2025,none,0,-1
2025-11-17,339,,Dairy,16.0,18.0,pcs,0,0,11,17,2025,none,0,-1
2025-11-11,340,,Dairy,88.0,95.0,pcs,1,0,11,11,2025,none,0,-1
2025-11-12,340,,Dairy,88.0,95.0,pcs,2,0,11,12,2025,none,0,-1
2025-11-13,340,,Dairy,88.0,95.0,pcs,3,0,11,13,2025,none,0,-1
2025-11-14,340,,Dairy,88.0,95.0,pcs,4,1,11,14,2025,none,0,-1
2025-11-15,340,,Dairy,88.0,95.0,pcs,5,1,11,15,2025,none,0,-1
2025-11-16,340,,Dairy,88.0,95.0,pcs,6,0,11,16,2025,none,0,-1
2025-11-17,340,,Dairy,88.0,95.0,pcs,0,0,11,17,2025,none,0,-1
2025-11-11,341,,Dairy,158.0,165.0,pcs,1,0,11,11,2025,none,0,-1
2025-11-12,341,,Dairy,158.0,165.0,pcs,2,0,11,12,2025,none,0,-1
2025-11-13,341,,Dairy,158.0,165.0,pcs,3,0,11,13,2025,none,0,-1
2025-11-14,341,,Dairy,158.0,165.0,pcs,4,1,11,14,2025,none,0,-1
2025-11-15,341,,Dairy,158.0,165.0,pcs,5,1,11,15,2025,none,0,-1
2025-11-16,341,,Dairy,158.0,165.0,pcs,6,0,11,16,2025,none,0,-1
2025-11-17,341,,Dairy,158.0,165.0,pcs,0,0,11,17,2025,none,0,-1
2025-11-11,342,,Dairy,185.0,200.0,pcs,1,0,11,11,2025,none,0,-1
2025-11-12,342,,Dairy,185.0,200.0,pcs,2,0,11,12,2025,none,0,-1
2025-11-13,342,,Dairy,185.0,200.0,pcs,3,0,11,13,2025,none,0,-1
2025-11-14,342,,Dairy,185.0,200.0,pcs,4,1,11,14,2025,none,0,-1
2025-11-15,342,,Dairy,185.0,200.0,pcs,5,1,11,15,2025,none,0,-1
2025-11-16,342,,Dairy,185.0,200.0,pcs,6,0,11,16,2025,none,0,-1
2025-11-17,342,,Dairy,185.0,200.0,pcs,0,0,11,17,2025,none,0,-1
2025-11-11,343,,Dairy,445.0,475.0,pcs,1,0,11,11,2025,none,0,-1
2025-11-12,343,,Dairy,445.0,475.0,pcs,2,0,11,12,2025,none,0,-1
2025-11-13,343,,Dairy,445.0,475.0,pcs,3,0,11,13,2025,none,0,-1
2025-11-14,343,,Dairy,445.0,475.0,pcs,4,1,11,14,2025,none,0,-1
2025-11-15,343,,Dairy,445.0,475.0,pcs,5,1,11,15,2025,none,0,-1
2025-11-16,343,,Dairy,445.0,475.0,pcs,6,0,11,16,2025,none,0,-1
2025-11-17,343,,Dairy,445.0,475.0,pcs,0,0,11,17,2025,none,0,-1
2025-11-11,344,,Dairy,325.0,348.0,pcs,1,0,11,11,2025,none,0,-1
2025-11-12,344,,Dairy,325.0,348.0,pcs,2,0,11,12,2025,none,0,-1
2025-11-13,344,,Dairy,325.0,348.0,pcs,3,0,11,13,2025,none,0,-1
2025-11-14,344,,Dairy,325.0,348.0,pcs,4,1,11,14,2025,none,0,-1
2025-11-15,344,,Dairy,325.0,348.0,pcs,5,1,11,15,2025,none,0,-1
2025-11-16,344,,Dairy,325.0,348.0,pcs,6,0,11,16,2025,none,0,-1
2025-11-17,344,,Dairy,325.0,348.0,pcs,0,0,11,17,2025,none,0,-1
2025-11-11,345,,Bakery,43.0,48.0,pcs,1,0,11,11,2025,none,0,-1
2025-11-12,345,,Bakery,43.0,48.0,pcs,2,0,11,12,2025,none,0,-1
2025-11-13,345,,Bakery,43.0,48.0,pcs,3,0,11,13,2025,none,0,-1
2025-11-14,345,,Bakery,43.0,48.0,pcs,4,1,11,14,2025,none,0,-1
2025-11-15,345,,Bakery,43.0,48.0,pcs,5,1,11,15,2025,none,0,-1
2025-11-16,345,,Bakery,43.0,48.0,pcs,6,0,11,16,2025,none,0,-1
2025-11-17,345,,Bakery,43.0,48.0,pcs,0,0,11,17,2025,none,0,-1
2025-11-11,346,,Bakery,49.0,55.0,pcs,1,0,11,11,2025,none,0,-1
2025-11-12,346,,Bakery,49.0,55.0,pcs,2,0,11,12,2025,none,0,-1
2025-11-13,346,,Bakery,49.0,55.0,pcs,3,0,11,13,2025,none,0,-1
2025-11-14,346,,Bakery,49.0,55.0,pcs,4,1,11,14,2025,none,0,-1
2025-11-15,346,,Bakery,49.0,55.0,pcs,5,1,11,15,2025,none,0,-1
2025-11-16,346,,Bakery,49.0,55.0,pcs,6,0,11,16,2025,none,0,-1
2025-11-17,346,,Bakery,49.0,55.0,pcs,0,0,11,17,2025,none,0,-1
2025-11-11,347,,Bakery,47.0,52.0,pcs,1,0,11,11,2025,none,0,-1
2025-11-12,347,,Bakery,47.0,52.0,pcs,2,0,11,12,2025,none,0,-1
2025-11-13,347,,Bakery,47.0,52.0,pcs,3,0,11,13,2025,none,0,-1
2025-11-14,347,,Bakery,47.0,52.0,pcs,4,1,11,14,2025,none,0,-1
2025-11-15,347,,Bakery,47.0,52.0,pcs,5,1,11,15,2025,none,0,-1
2025-11-16,347,,Bakery,47.0,52.0,pcs,6,0,11,16,2025,none,0,-1
2025-11-17,347,,Bakery,47.0,52.0,pcs,0,0,11,17,2025,none,0,-1
2025-11-11,348,,Bakery,55.0,62.0,pcs,1,0,11,11,2025,none,0,-1
2025-11-12,348,,Bakery,55.0,62.0,pcs,2,0,11,12,2025,none,0,-1
2025-11-13,348,,Bakery,55.0,62.0,pcs,3,0,11,13,2025,none,0,-1
2025-11-14,348,,Bakery,55.0,62.0,pcs,4,1,11,14,2025,none,0,-1
2025-11-15,348,,Bakery,55.0,62.0,pcs,5,1,11,15,2025,none,0,-1
2025-11-16,348,,Bakery,55.0,62.0,pcs,6,0,11,16,2025,none,0,-1
2025-11-17,348,,Bakery,55.0,62.0,pcs,0,0,11,17,2025,none,0,-1
2025-11-11,349,,Bakery,95.0,108.0,pcs,1,0,11,11,2025,none,0,-1
2025-11-12,349,,Bakery,95.0,108.0,pcs,2,0,11,12,2025,none,0,-1
2025-11-13,349,,Bakery,95.0,108.0,pcs,3,0,11,13,2025,none,0,-1
2025-11-14,349,,Bakery,95.0,108.0,pcs,4,1,11,14,2025,none,0,-1
2025-11-15,349,,Bakery,95.0,108.0,pcs,5,1,11,15,2025,none,0,-1
2025-11-16,349,,Bakery,95.0,108.0,pcs,6,0,11,16,2025,none,0,-1
2025-11-17,349,,Bakery,95.0,108.0,pcs,0,0,11,17,2025,none,0,-1
2025-11-11,350,,Bakery,68.0,75.0,pcs,1,0,11,11,2025,none,0,-1
2025-11-12,350,,Bakery,68.0,75.0,pcs,2,0,11,12,2025,none,0,-1
2025-11-13,350,,Bakery,68.0,75.0,pcs,3,0,11,13,2025,none,0,-1
2025-11-14,350,,Bakery,68.0,75.0,pcs,4,1,11,14,2025,none,0,-1
2025-11-15,350,,Bakery,68.0,75.0,pcs,5,1,11,15,2025,none,0,-1
2025-11-16,350,,Bakery,68.0,75.0,pcs,6,0,11,16,2025,none,0,-1
2025-11-17,350,,Bakery,68.0,75.0,pcs,0,0,11,17,2025,none,0,-1
2025-11-11,351,,Noodles,50.0,55.0,pcs,1,0,11,11,2025,none,0,-1
2025-11-12,351,,Noodles,50.0,55.0,pcs,2,0,11,12,2025,none,0,-1
2025-11-13,351,,Noodles,50.0,55.0,pcs,3,0,11,13,2025,none,0,-1
2025-11-14,351,,Noodles,50.0,55.0,pcs,4,1,11,14,2025,none,0,-1
2025-11-15,351,,Noodles,50.0,55.0,pcs,5,1,11,15,2025,none,0,-1
2025-11-16,351,,Noodles,50.0,55.0,pcs,6,0,11,16,2025,none,0,-1
2025-11-17,351,,Noodles,50.0,55.0,pcs,0,0,11,17,2025,none,0,-1
2025-11-11,352,,Noodles,125.0,135.0,pcs,1,0,11,11,2025,none,0,-1
2025-11-12,352,,Noodles,125.0,135.0,pcs,2,0,11,12,2025,none,0,-1
2025-11-13,352,,Noodles,125.0,135.0,pcs,3,0,11,13,2025,none,0,-1
2025-11-14,352,,Noodles,125.0,135.0,pcs,4,1,11,14,2025,none,0,-1
2025-11-15,352,,Noodles,125.0,135.0,pcs,5,1,11,15,2025,none,0,-1
2025-11-16,352,,Noodles,125.0,135.0,pcs,6,0,11,16,2025,none,0,-1
2025-11-17,352,,Noodles,125.0,135.0,pcs,0,0,11,17,2025,none,0,-1
2025-11-11,353,,Noodles,48.0,52.0,pcs,1,0,11,11,2025,none,0,-1
2025-11-12,353,,Noodles,48.0,52.0,pcs,2,0,11,12,2025,none,0,-1
2025-11-13,353,,Noodles,48.0,52.0,pcs,3,0,11,13,2025,none,0,-1
2025-11-14,353,,Noodles,48.0,52.0,pcs,4,1,11,14,2025,none,0,-1
2025-11-15,353,,Noodles,48.0,52.0,pcs,5,1,11,15,2025,none,0,-1
2025-11-16,353,,Noodles,48.0,52.0,pcs,6,0,11,16,2025,none,0,-1
2025-11-17,353,,Noodles,48.0,52.0,pcs,0,0,11,17,2025,none,0,-1
2025-11-11,354,,Noodles,38.0,42.0,pcs,1,0,11,11,2025,none,0,-1
2025-11-12,354,,Noodles,38.0,42.0,pcs,2,0,11,12,2025,none,0,-1
2025-11-13,354,,Noodles,38.0,42.0,pcs,3,0,11,13,2025,none,0,-1
2025-11-14,354,,Noodles,38.0,42.0,pcs,4,1,11,14,2025,none,0,-1
2025-11-15,354,,Noodles,38.0,42.0,pcs,5,1,11,15,2025,none,0,-1
2025-11-16,354,,Noodles,38.0,42.0,pcs,6,0,11,16,2025,none,0,-1
2025-11-17,354,,Noodles,38.0,42.0,pcs,0,0,11,17,2025,none,0,-1
2025-11-11,355,,Noodles,88.0,95.0,pcs,1,0,11,11,2025,none,0,-1
2025-11-12,355,,Noodles,88.0,95.0,pcs,2,0,11,12,2025,none,0,-1
2025-11-13,355,,Noodles,88.0,95.0,pcs,3,0,11,13,2025,none,0,-1
2025-11-14,355,,Noodles,88.0,95.0,pcs,4,1,11,14,2025,none,0,-1
2025-11-15,355,,Noodles,88.0,95.0,pcs,5,1,11,15,2025,none,0,-1
2025-11-16,355,,Noodles,88.0,95.0,pcs,6,0,11,16,2025,none,0,-1
2025-11-17,355,,Noodles,88.0,95.0,pcs,0,0,11,17,2025,none,0,-1
2025-11-11,356,,Noodles,75.0,82.0,pcs,1,0,11,11,2025,none,0,-1
2025-11-12,356,,Noodles,75.0,82.0,pcs,2,0,11,12,2025,none,0,-1
2025-11-13,356,,Noodles,75.0,82.0,pcs,3,0,11,13,2025,none,0,-1
2025-11-14,356,,Noodles,75.0,82.0,pcs,4,1,11,14,2025,none,0,-1
2025-11-15,356,,Noodles,75.0,82.0,pcs,5,1,11,15,2025,none,0,-1
2025-11-16,356,,Noodles,75.0,82.0,pcs,6,0,11,16,2025,none,0,-1
2025-11-17,356,,Noodles,75.0,82.0,pcs,0,0,11,17,2025,none,0,-1
2025-11-11,357,,Noodles,92.0,102.0,pcs,1,0,11,11,2025,none,0,-1
2025-11-12,357,,Noodles,92.0,102.0,pcs,2,0,11,12,2025,none,0,-1
2025-11-13,357,,Noodles,92.0,102.0,pcs,3,0,11,13,2025,none,0,-1
2025-11-14,357,,Noodles,92.0,102.0,pcs,4,1,11,14,2025,none,0,-1
2025-11-15,357,,Noodles,92.0,102.0,pcs,5,1,11,15,2025,none,0,-1
2025-11-16,357,,Noodles,92.0,102.0,pcs,6,0,11,16,2025,none,0,-1
2025-11-17,357,,Noodles,92.0,102.0,pcs,0,0,11,17,2025,none,0,-1
2025-11-11,358,,Condiments,178.0,190.0,pcs,1,0,11,11,2025,none,0,-1
2025-11-12,358,,Condiments,178.0,190.0,pcs,2,0,11,12,2025,none,0,-1
2025-11-13,358,,Condiments,178.0,190.0,pcs,3,0,11,13,2025,none,0,-1
2025-11-14,358,,Condiments,178.0,190.0,pcs,4,1,11,14,2025,none,0,-1
2025-11-15,358,,Condiments,178.0,190.0,pcs,5,1,11,15,2025,none,0,-1
2025-11-16,358,,Condiments,178.0,190.0,pcs,6,0,11,16,2025,none,0,-1
2025-11-17,358,,Condiments,178.0,190.0,pcs,0,0,11,17,2025,none,0,-1
2025-11-11,359,,Condiments,115.0,125.0,pcs,1,0,11,11,2025,none,0,-1
2025-11-12,359,,Condiments,115.0,125.0,pcs,2,0,11,12,2025,none,0,-1
2025-11-13,359,,Condiments,115.0,125.0,pcs,3,0,11,13,2025,none,0,-1
2025-11-14,359,,Condiments,115.0,125.0,pcs,4,1,11,14,2025,none,0,-1
2025-11-15,359,,Condiments,115.0,125.0,pcs,5,1,11,15,2025,none,0,-1
2025-11-16,359,,Condiments,115.0,125.0,pcs,6,0,11,16,2025,none,0,-1
2025-11-17,359,,Condiments,115.0,125.0,pcs,0,0,11,17,2025,none,0,-1
2025-11-11,360,,Condiments,125.0,135.0,pcs,1,0,11,11,2025,none,0,-1
2025-11-12,360,,Condiments,125.0,135.0,pcs,2,0,11,12,2025,none,0,-1
2025-11-13,360,,Condiments,125.0,135.0,pcs,3,0,11,13,2025,none,0,-1
2025-11-14,360,,Condiments,125.0,135.0,pcs,4,1,11,14,2025,none,0,-1
2025-11-15,360,,Condiments,125.0,135.0,pcs,5,1,11,15,2025,none,0,-1
2025-11-16,360,,Condiments,125.0,135.0,pcs,6,0,11,16,2025,none,0,-1
2025-11-17,360,,Condiments,125.0,135.0,pcs,0,0,11,17,2025,none,0,-1
2025-11-11,361,,Condiments,78.0,85.0,pcs,1,0,11,11,2025,none,0,-1
2025-11-12,361,,Condiments,78.0,85.0,pcs,2,0,11,12,2025,none,0,-1
2025-11-13,361,,Condiments,78.0,85.0,pcs,3,0,11,13,2025,none,0,-1
2025-11-14,361,,Condiments,78.0,85.0,pcs,4,1,11,14,2025,none,0,-1
2025-11-15,361,,Condiments,78.0,85.0,pcs,5,1,11,15,2025,none,0,-1
2025-11-16,361,,Condiments,78.0,85.0,pcs,6,0,11,16,2025,none,0,-1
2025-11-17,361,,Condiments,78.0,85.0,pcs,0,0,11,17,2025,none,0,-1
2025-11-11,362,,Condiments,108.0,115.0,pcs,1,0,11,11,2025,none,0,-1
2025-11-12,362,,Condiments,108.0,115.0,pcs,2,0,11,12,2025,none,0,-1
2025-11-13,362,,Condiments,108.0,115.0,pcs,3,0,11,13,2025,none,0,-1
2025-11-14,362,,Condiments,108.0,115.0,pcs,4,1,11,14,2025,none,0,-1
2025-11-15,362,,Condiments,108.0,115.0,pcs,5,1,11,15,2025,none,0,-1
2025-11-16,362,,Condiments,108.0,115.0,pcs,6,0,11,16,2025,none,0,-1
2025-11-17,362,,Condiments,108.0,115.0,pcs,0,0,11,17,2025,none,0,-1
2025-11-11,363,,Condiments,155.0,165.0,pcs,1,0,11,11,2025,none,0,-1
2025-11-12,363,,Condiments,155.0,165.0,pcs,2,0,11,12,2025,none,0,-1
2025-11-13,363,,Condiments,155.0,165.0,pcs,3,0,11,13,2025,none,0,-1
2025-11-14,363,,Condiments,155.0,165.0,pcs,4,1,11,14,2025,none,0,-1
2025-11-15,363,,Condiments,155.0,165.0,pcs,5,1,11,15,2025,none,0,-1
2025-11-16,363,,Condiments,155.0,165.0,pcs,6,0,11,16,2025,none,0,-1
2025-11-17,363,,Condiments,155.0,165.0,pcs,0,0,11,17,2025,none,0,-1
2025-11-11,364,,Condiments,148.0,158.0,pcs,1,0,11,11,2025,none,0,-1
2025-11-12,364,,Condiments,148.0,158.0,pcs,2,0,11,12,2025,none,0,-1
2025-11-13,364,,Condiments,148.0,158.0,pcs,3,0,11,13,2025,none,0,-1
2025-11-14,364,,Condiments,148.0,158.0,pcs,4,1,11,14,2025,none,0,-1
2025-11-15,364,,Condiments,148.0,158.0,pcs,5,1,11,15,2025,none,0,-1
2025-11-16,364,,Condiments,148.0,158.0,pcs,6,0,11,16,2025,none,0,-1
2025-11-17,364,,Condiments,148.0,158.0,pcs,0,0,11,17,2025,none,0,-1
2025-11-11,365,,Condiments,135.0,145.0,pcs,1,0,11,11,2025,none,0,-1
2025-11-12,365,,Condiments,135.0,145.0,pcs,2,0,11,12,2025,none,0,-1
2025-11-13,365,,Condiments,135.0,145.0,pcs,3,0,11,13,2025,none,0,-1
2025-11-14,365,,Condiments,135.0,145.0,pcs,4,1,11,14,2025,none,0,-1
2025-11-15,365,,Condiments,135.0,145.0,pcs,5,1,11,15,2025,none,0,-1
2025-11-16,365,,Condiments,135.0,145.0,pcs,6,0,11,16,2025,none,0,-1
2025-11-17,365,,Condiments,135.0,145.0,pcs,0,0,11,17,2025,none,0,-1
2025-11-11,366,,Condiments,58.0,65.0,pcs,1,0,11,11,2025,none,0,-1
2025-11-12,366,,Condiments,58.0,65.0,pcs,2,0,11,12,2025,none,0,-1
2025-11-13,366,,Condiments,58.0,65.0,pcs,3,0,11,13,2025,none,0,-1
2025-11-14,366,,Condiments,58.0,65.0,pcs,4,1,11,14,2025,none,0,-1
2025-11-15,366,,Condiments,58.0,65.0,pcs,5,1,11,15,2025,none,0,-1
2025-11-16,366,,Condiments,58.0,65.0,pcs,6,0,11,16,2025,none,0,-1
2025-11-17,366,,Condiments,58.0,65.0,pcs,0,0,11,17,2025,none,0,-1
2025-11-11,367,,Condiments,5.0,6.0,pcs,1,0,11,11,2025,none,0,-1
2025-11-12,367,,Condiments,5.0,6.0,pcs,2,0,11,12,2025,none,0,-1
2025-11-13,367,,Condiments,5.0,6.0,pcs,3,0,11,13,2025,none,0,-1
2025-11-14,367,,Condiments,5.0,6.0,pcs,4,1,11,14,2025,none,0,-1
2025-11-15,367,,Condiments,5.0,6.0,pcs,5,1,11,15,2025,none,0,-1
2025-11-16,367,,Condiments,5.0,6.0,pcs,6,0,11,16,2025,none,0,-1
2025-11-17,367,,Condiments,5.0,6.0,pcs,0,0,11,17,2025,none,0,-1
2025-11-11,368,,Pulses,128.0,135.0,kg,1,0,11,11,2025,none,0,-1
2025-11-12,368,,Pulses,128.0,135.0,kg,2,0,11,12,2025,none,0,-1
2025-11-13,368,,Pulses,128.0,135.0,kg,3,0,11,13,2025,none,0,-1
2025-11-14,368,,Pulses,128.0,135.0,kg,4,1,11,14,2025,none,0,-1
2025-11-15,368,,Pulses,128.0,135.0,kg,5,1,11,15,2025,none,0,-1
2025-11-16,368,,Pulses,128.0,135.0,kg,6,0,11,16,2025,none,0,-1
2025-11-17,368,,Pulses,128.0,135.0,kg,0,0,11,17,2025,none,0,-1
2025-11-11,369,,Pulses,140.0,148.0,kg,1,0,11,11,2025,none,0,-1
2025-11-12,369,,Pulses,140.0,148.0,kg,2,0,11,12,2025,none,0,-1
2025-11-13,369,,Pulses,140.0,148.0,kg,3,0,11,13,2025,none,0,-1
2025-11-14,369,,Pulses,140.0,148.0,kg,4,1,11,14,2025,none,0,-1
2025-11-15,369,,Pulses,140.0,148.0,kg,5,1,11,15,2025,none,0,-1
2025-11-16,369,,Pulses,140.0,148.0,kg,6,0,11,16,2025,none,0,-1
2025-11-17,369,,Pulses,140.0,148.0,kg,0,0,11,17,2025,none,0,-1
2025-11-11,370,,Pulses,150.0,158.0,kg,1,0,11,11,2025,none,0,-1
2025-11-12,370,,Pulses,150.0,158.0,kg,2,0,11,12,2025,none,0,-1
2025-11-13,370,,Pulses,150.0,158.0,kg,3,0,11,13,2025,none,0,-1
2025-11-14,370,,Pulses,150.0,158.0,kg,4,1,11,14,2025,none,0,-1
2025-11-15,370,,Pulses,150.0,158.0,kg,5,1,11,15,2025,none,0,-1
2025-11-16,370,,Pulses,150.0,158.0,kg,6,0,11,16,2025,none,0,-1
2025-11-17,370,,Pulses,150.0,158.0,kg,0,0,11,17,2025,none,0,-1
2025-11-11,371,,Pulses,145.0,155.0,kg,1,0,11,11,2025,none,0,-1
2025-11-12,371,,Pulses,145.0,155.0,kg,2,0,11,12,2025,none,0,-1
2025-11-13,371,,Pulses,145.0,155.0,kg,3,0,11,13,2025,none,0,-1
2025-11-14,371,,Pulses,145.0,155.0,kg,4,1,11,14,2025,none,0,-1
2025-11-15,371,,Pulses,145.0,155.0,kg,5,1,11,15,2025,none,0,-1
2025-11-16,371,,Pulses,145.0,155.0,kg,6,0,11,16,2025,none,0,-1
2025-11-17,371,,Pulses,145.0,155.0,kg,0,0,11,17,2025,none,0,-1
2025-11-11,372,,Pulses,118.0,128.0,kg,1,0,11,11,2025,none,0,-1
2025-11-12,372,,Pulses,118.0,128.0,kg,2,0,11,12,2025,none,0,-1
2025-11-13,372,,Pulses,118.0,128.0,kg,3,0,11,13,2025,none,0,-1
2025-11-14,372,,Pulses,118.0,128.0,kg,4,1,11,14,2025,none,0,-1
2025-11-15,372,,Pulses,118.0,128.0,kg,5,1,11,15,2025,none,0,-1
2025-11-16,372,,Pulses,118.0,128.0,kg,6,0,11,16,2025,none,0,-1
2025-11-17,372,,Pulses,118.0,128.0,kg,0,0,11,17,2025,none,0,-1
2025-11-11,373,,Pulses,108.0,118.0,kg,1,0,11,11,2025,none,0,-1
2025-11-12,373,,Pulses,108.0,118.0,kg,2,0,11,12,2025,none,0,-1
2025-11-13,373,,Pulses,108.0,118.0,kg,3,0,11,13,2025,none,0,-1
2025-11-14,373,,Pulses,108.0,118.0,kg,4,1,11,14,2025,none,0,-1
2025-11-15,373,,Pulses,108.0,118.0,kg,5,1,11,15,2025,none,0,-1
2025-11-16,373,,Pulses,108.0,118.0,kg,6,0,11,16,2025,none,0,-1
2025-11-17,373,,Pulses,108.0,118.0,kg,0,0,11,17,2025,none,0,-1
2025-11-11,374,,Pulses,145.0,155.0,kg,1,0,11,11,2025,none,0,-1
2025-11-12,374,,Pulses,145.0,155.0,kg,2,0,11,12,2025,none,0,-1
2025-11-13,374,,Pulses,145.0,155.0,kg,3,0,11,13,2025,none,0,-1
2025-11-14,374,,Pulses,145.0,155.0,kg,4,1,11,14,2025,none,0,-1
2025-11-15,374,,Pulses,145.0,155.0,kg,5,1,11,15,2025,none,0,-1
2025-11-16,374,,Pulses,145.0,155.0,kg,6,0,11,16,2025,none,0,-1
2025-11-17,374,,Pulses,145.0,155.0,kg,0,0,11,17,2025,none,0,-1
2025-11-11,375,,Condiments,272.0,285.0,pcs,1,0,11,11,2025,none,0,-1
2025-11-12,375,,Condiments,272.0,285.0,pcs,2,0,11,12,2025,none,0,-1
2025-11-13,375,,Condiments,272.0,285.0,pcs,3,0,11,13,2025,none,0,-1
2025-11-14,375,,Condiments,272.0,285.0,pcs,4,1,11,14,2025,none,0,-1
2025-11-15,375,,Condiments,272.0,285.0,pcs,5,1,11,15,2025,none,0,-1
2025-11-16,375,,Condiments,272.0,285.0,pcs,6,0,11,16,2025,none,0,-1
2025-11-17,375,,Condiments,272.0,285.0,pcs,0,0,11,17,2025,none,0,-1
2025-11-11,376,,Condiments,545.0,580.0,pcs,1,0,11,11,2025,none,0,-1
2025-11-12,376,,Condiments,545.0,580.0,pcs,2,0,11,12,2025,none,0,-1
2025-11-13,376,,Condiments,545.0,580.0,pcs,3,0,11,13,2025,none,0,-1
2025-11-14,376,,Condiments,545.0,580.0,pcs,4,1,11,14,2025,none,0,-1
2025-11-15,376,,Condiments,545.0,580.0,pcs,5,1,11,15,2025,none,0,-1
2025-11-16,376,,Condiments,545.0,580.0,pcs,6,0,11,16,2025,none,0,-1
2025-11-17,376,,Condiments,545.0,580.0,pcs,0,0,11,17,2025,none,0,-1
2025-11-11,377,,Beverages,115.0,125.0,pcs,1,0,11,11,2025,none,0,-1
2025-11-12,377,,Beverages,115.0,125.0,pcs,2,0,11,12,2025,none,0,-1
2025-11-13,377,,Beverages,115.0,125.0,pcs,3,0,11,13,2025,none,0,-1
2025-11-14,377,,Beverages,115.0,125.0,pcs,4,1,11,14,2025,none,0,-1
2025-11-15,377,,Beverages,115.0,125.0,pcs,5,1,11,15,2025,none,0,-1
2025-11-16,377,,Beverages,115.0,125.0,pcs,6,0,11,16,2025,none,0,-1
2025-11-17,377,,Beverages,115.0,125.0,pcs,0,0,11,17,2025,none,0,-1
2025-11-11,378,,Beverages,108.0,118.0,pcs,1,0,11,11,2025,none,0,-1
2025-11-12,378,,Beverages,108.0,118.0,pcs,2,0,11,12,2025,none,0,-1
2025-11-13,378,,Beverages,108.0,118.0,pcs,3,0,11,13,2025,none,0,-1
2025-11-14,378,,Beverages,108.0,118.0,pcs,4,1,11,14,2025,none,0,-1
2025-11-15,378,,Beverages,108.0,118.0,pcs,5,1,11,15,2025,none,0,-1
2025-11-16,378,,Beverages,108.0,118.0,pcs,6,0,11,16,2025,none,0,-1
2025-11-17,378,,Beverages,108.0,118.0,pcs,0,0,11,17,2025,none,0,-1
2025-11-11,379,,Beverages,112.0,122.0,pcs,1,0,11,11,2025,none,0,-1
2025-11-12,379,,Beverages,112.0,122.0,pcs,2,0,11,12,2025,none,0,-1
2025-11-13,379,,Beverages,112.0,122.0,pcs,3,0,11,13,2025,none,0,-1
2025-11-14,379,,Beverages,112.0,122.0,pcs,4,1,11,14,2025,none,0,-1
2025-11-15,379,,Beverages,112.0,122.0,pcs,5,1,11,15,2025,none,0,-1
2025-11-16,379,,Beverages,112.0,122.0,pcs,6,0,11,16,2025,none,0,-1
2025-11-17,379,,Beverages,112.0,122.0,pcs,0,0,11,17,2025,none,0,-1
2025-11-11,380,,Dairy,1625.0,1700.0,pcs,1,0,11,11,2025,none,0,-1
2025-11-12,380,,Dairy,1625.0,1700.0,pcs,2,0,11,12,2025,none,0,-1
2025-11-13,380,,Dairy,1625.0,1700.0,pcs,3,0,11,13,2025,none,0,-1
2025-11-14,380,,Dairy,1625.0,1700.0,pcs,4,1,11,14,2025,none,0,-1
2025-11-15,380,,Dairy,1625.0,1700.0,pcs,5,1,11,15,2025,none,0,-1
2025-11-16,380,,Dairy,1625.0,1700.0,pcs,6,0,11,16,2025,none,0,-1
2025-11-17,380,,Dairy,1625.0,1700.0,pcs,0,0,11,17,2025,none,0,-1
